season,team,match_number,date,opponent,venue,goals_for,goals_against,result,points,cumulative_points,goal_difference,goals_for_total,goals_against_total,match_id,source_url,downloaded_at
2025-26,Arsenal,1,2025-08-17,Man United,A,1,0,W,3,3,1,1,0,9,https://www.football-data.co.uk/mmz4281/2526/E0.csv,2026-05-25
2025-26,Arsenal,2,2025-08-23,Leeds,H,5,0,W,3,6,6,6,0,16,https://www.football-data.co.uk/mmz4281/2526/E0.csv,2026-05-25
2025-26,Arsenal,3,2025-08-31,Liverpool,A,0,1,L,0,6,5,6,1,29,https://www.football-data.co.uk/mmz4281/2526/E0.csv,2026-05-25
2025-26,Arsenal,4,2025-09-13,Nott'm Forest,H,3,0,W,3,9,8,9,1,31,https://www.football-data.co.uk/mmz4281/2526/E0.csv,2026-05-25
2025-26,Arsenal,5,2025-09-21,Man City,H,1,1,D,1,10,8,10,2,50,https://www.football-data.co.uk/mmz4281/2526/E0.csv,2026-05-25
2025-26,Arsenal,6,2025-09-28,Newcastle,A,2,1,W,3,13,9,12,3,59,https://www.football-data.co.uk/mmz4281/2526/E0.csv,2026-05-25
2025-26,Arsenal,7,2025-10-04,West Ham,H,2,0,W,3,16,11,14,3,63,https://www.football-data.co.uk/mmz4281/2526/E0.csv,2026-05-25
2025-26,Arsenal,8,2025-10-18,Fulham,A,1,0,W,3,19,12,15,3,77,https://www.football-data.co.uk/mmz4281/2526/E0.csv,2026-05-25
2025-26,Arsenal,9,2025-10-26,Crystal Palace,H,1,0,W,3,22,13,16,3,86,https://www.football-data.co.uk/mmz4281/2526/E0.csv,2026-05-25
2025-26,Arsenal,10,2025-11-01,Burnley,A,2,0,W,3,25,15,18,3,92,https://www.football-data.co.uk/mmz4281/2526/E0.csv,2026-05-25
2025-26,Arsenal,11,2025-11-08,Sunderland,A,2,2,D,1,26,15,20,5,104,https://www.football-data.co.uk/mmz4281/2526/E0.csv,2026-05-25
2025-26,Arsenal,12,2025-11-23,Tottenham,H,4,1,W,3,29,18,24,6,119,https://www.football-data.co.uk/mmz4281/2526/E0.csv,2026-05-25
2025-26,Arsenal,13,2025-11-30,Chelsea,A,1,1,D,1,30,18,25,7,130,https://www.football-data.co.uk/mmz4281/2526/E0.csv,2026-05-25
2025-26,Arsenal,14,2025-12-03,Brentford,H,2,0,W,3,33,20,27,7,134,https://www.football-data.co.uk/mmz4281/2526/E0.csv,2026-05-25
2025-26,Arsenal,15,2025-12-06,Aston Villa,A,1,2,L,0,33,19,28,9,141,https://www.football-data.co.uk/mmz4281/2526/E0.csv,2026-05-25
2025-26,Arsenal,16,2025-12-13,Wolves,H,2,1,W,3,36,20,30,10,154,https://www.football-data.co.uk/mmz4281/2526/E0.csv,2026-05-25
2025-26,Arsenal,17,2025-12-20,Everton,A,1,0,W,3,39,21,31,10,167,https://www.football-data.co.uk/mmz4281/2526/E0.csv,2026-05-25
2025-26,Arsenal,18,2025-12-27,Brighton,H,2,1,W,3,42,22,33,11,173,https://www.football-data.co.uk/mmz4281/2526/E0.csv,2026-05-25
2025-26,Arsenal,19,2025-12-30,Aston Villa,H,4,1,W,3,45,25,37,12,185,https://www.football-data.co.uk/mmz4281/2526/E0.csv,2026-05-25
2025-26,Arsenal,20,2026-01-03,Bournemouth,A,3,2,W,3,48,26,40,14,194,https://www.football-data.co.uk/mmz4281/2526/E0.csv,2026-05-25
2025-26,Arsenal,21,2026-01-08,Liverpool,H,0,0,D,1,49,26,40,14,210,https://www.football-data.co.uk/mmz4281/2526/E0.csv,2026-05-25
2025-26,Arsenal,22,2026-01-17,Nott'm Forest,A,0,0,D,1,50,26,40,14,217,https://www.football-data.co.uk/mmz4281/2526/E0.csv,2026-05-25
2025-26,Arsenal,23,2026-01-25,Man United,H,2,3,L,0,50,25,42,17,229,https://www.football-data.co.uk/mmz4281/2526/E0.csv,2026-05-25
2025-26,Arsenal,24,2026-01-31,Leeds,A,4,0,W,3,53,29,46,17,232,https://www.football-data.co.uk/mmz4281/2526/E0.csv,2026-05-25
2025-26,Arsenal,25,2026-02-07,Sunderland,H,3,0,W,3,56,32,49,17,243,https://www.football-data.co.uk/mmz4281/2526/E0.csv,2026-05-25
2025-26,Arsenal,26,2026-02-12,Brentford,A,1,1,D,1,57,32,50,18,260,https://www.football-data.co.uk/mmz4281/2526/E0.csv,2026-05-25
2025-26,Arsenal,27,2026-02-18,Wolves,A,2,2,D,1,58,32,52,20,261,https://www.football-data.co.uk/mmz4281/2526/E0.csv,2026-05-25
2025-26,Arsenal,28,2026-02-22,Tottenham,A,4,1,W,3,61,35,56,21,270,https://www.football-data.co.uk/mmz4281/2526/E0.csv,2026-05-25
2025-26,Arsenal,29,2026-03-01,Chelsea,H,2,1,W,3,64,36,58,22,281,https://www.football-data.co.uk/mmz4281/2526/E0.csv,2026-05-25
2025-26,Arsenal,30,2026-03-04,Brighton,A,1,0,W,3,67,37,59,22,287,https://www.football-data.co.uk/mmz4281/2526/E0.csv,2026-05-25
2025-26,Arsenal,31,2026-03-14,Everton,H,2,0,W,3,70,39,61,22,294,https://www.football-data.co.uk/mmz4281/2526/E0.csv,2026-05-25
2025-26,Arsenal,32,2026-04-11,Bournemouth,H,1,2,L,0,70,38,62,24,311,https://www.football-data.co.uk/mmz4281/2526/E0.csv,2026-05-25
2025-26,Arsenal,33,2026-04-19,Man City,A,1,2,L,0,70,37,63,26,328,https://www.football-data.co.uk/mmz4281/2526/E0.csv,2026-05-25
2025-26,Arsenal,34,2026-04-25,Newcastle,H,1,0,W,3,73,38,64,26,338,https://www.football-data.co.uk/mmz4281/2526/E0.csv,2026-05-25
2025-26,Arsenal,35,2026-05-02,Fulham,H,3,0,W,3,76,41,67,26,344,https://www.football-data.co.uk/mmz4281/2526/E0.csv,2026-05-25
2025-26,Arsenal,36,2026-05-10,West Ham,A,1,0,W,3,79,42,68,26,358,https://www.football-data.co.uk/mmz4281/2526/E0.csv,2026-05-25
2025-26,Arsenal,37,2026-05-18,Burnley,H,1,0,W,3,82,43,69,26,368,https://www.football-data.co.uk/mmz4281/2526/E0.csv,2026-05-25
2025-26,Arsenal,38,2026-05-24,Crystal Palace,A,2,1,W,3,85,44,71,27,373,https://www.football-data.co.uk/mmz4281/2526/E0.csv,2026-05-25
2025-26,Aston Villa,1,2025-08-16,Newcastle,H,0,0,D,1,1,0,0,0,2,https://www.football-data.co.uk/mmz4281/2526/E0.csv,2026-05-25
2025-26,Aston Villa,2,2025-08-23,Brentford,A,0,1,L,0,1,-1,0,1,14,https://www.football-data.co.uk/mmz4281/2526/E0.csv,2026-05-25
2025-26,Aston Villa,3,2025-08-31,Crystal Palace,H,0,3,L,0,1,-4,0,4,30,https://www.football-data.co.uk/mmz4281/2526/E0.csv,2026-05-25
2025-26,Aston Villa,4,2025-09-13,Everton,A,0,0,D,1,2,-4,0,4,34,https://www.football-data.co.uk/mmz4281/2526/E0.csv,2026-05-25
2025-26,Aston Villa,5,2025-09-21,Sunderland,A,1,1,D,1,3,-4,1,5,49,https://www.football-data.co.uk/mmz4281/2526/E0.csv,2026-05-25
2025-26,Aston Villa,6,2025-09-28,Fulham,H,3,1,W,3,6,-2,4,6,58,https://www.football-data.co.uk/mmz4281/2526/E0.csv,2026-05-25
2025-26,Aston Villa,7,2025-10-05,Burnley,H,2,1,W,3,9,-1,6,7,66,https://www.football-data.co.uk/mmz4281/2526/E0.csv,2026-05-25
2025-26,Aston Villa,8,2025-10-19,Tottenham,A,2,1,W,3,12,0,8,8,78,https://www.football-data.co.uk/mmz4281/2526/E0.csv,2026-05-25
2025-26,Aston Villa,9,2025-10-26,Man City,H,1,0,W,3,15,1,9,8,87,https://www.football-data.co.uk/mmz4281/2526/E0.csv,2026-05-25
2025-26,Aston Villa,10,2025-11-01,Liverpool,A,0,2,L,0,15,-1,9,10,97,https://www.football-data.co.uk/mmz4281/2526/E0.csv,2026-05-25
2025-26,Aston Villa,11,2025-11-09,Bournemouth,H,4,0,W,3,18,3,13,10,106,https://www.football-data.co.uk/mmz4281/2526/E0.csv,2026-05-25
2025-26,Aston Villa,12,2025-11-23,Leeds,A,2,1,W,3,21,4,15,11,118,https://www.football-data.co.uk/mmz4281/2526/E0.csv,2026-05-25
2025-26,Aston Villa,13,2025-11-30,Wolves,H,1,0,W,3,24,5,16,11,127,https://www.football-data.co.uk/mmz4281/2526/E0.csv,2026-05-25
2025-26,Aston Villa,14,2025-12-03,Brighton,A,4,3,W,3,27,6,20,14,135,https://www.football-data.co.uk/mmz4281/2526/E0.csv,2026-05-25
2025-26,Aston Villa,15,2025-12-06,Arsenal,H,2,1,W,3,30,7,22,15,141,https://www.football-data.co.uk/mmz4281/2526/E0.csv,2026-05-25
2025-26,Aston Villa,16,2025-12-14,West Ham,A,3,2,W,3,33,8,25,17,158,https://www.football-data.co.uk/mmz4281/2526/E0.csv,2026-05-25
2025-26,Aston Villa,17,2025-12-21,Man United,H,2,1,W,3,36,9,27,18,169,https://www.football-data.co.uk/mmz4281/2526/E0.csv,2026-05-25
2025-26,Aston Villa,18,2025-12-27,Chelsea,A,2,1,W,3,39,10,29,19,178,https://www.football-data.co.uk/mmz4281/2526/E0.csv,2026-05-25
2025-26,Aston Villa,19,2025-12-30,Arsenal,A,1,4,L,0,39,7,30,23,185,https://www.football-data.co.uk/mmz4281/2526/E0.csv,2026-05-25
2025-26,Aston Villa,20,2026-01-03,Nott'm Forest,H,3,1,W,3,42,9,33,24,191,https://www.football-data.co.uk/mmz4281/2526/E0.csv,2026-05-25
2025-26,Aston Villa,21,2026-01-07,Crystal Palace,A,0,0,D,1,43,9,33,24,204,https://www.football-data.co.uk/mmz4281/2526/E0.csv,2026-05-25
2025-26,Aston Villa,22,2026-01-18,Everton,H,0,1,L,0,43,8,33,25,219,https://www.football-data.co.uk/mmz4281/2526/E0.csv,2026-05-25
2025-26,Aston Villa,23,2026-01-25,Newcastle,A,2,0,W,3,46,10,35,25,228,https://www.football-data.co.uk/mmz4281/2526/E0.csv,2026-05-25
2025-26,Aston Villa,24,2026-02-01,Brentford,H,0,1,L,0,46,9,35,26,236,https://www.football-data.co.uk/mmz4281/2526/E0.csv,2026-05-25
2025-26,Aston Villa,25,2026-02-07,Bournemouth,A,1,1,D,1,47,9,36,27,244,https://www.football-data.co.uk/mmz4281/2526/E0.csv,2026-05-25
2025-26,Aston Villa,26,2026-02-11,Brighton,H,1,0,W,3,50,10,37,27,255,https://www.football-data.co.uk/mmz4281/2526/E0.csv,2026-05-25
2025-26,Aston Villa,27,2026-02-21,Leeds,H,1,1,D,1,51,10,38,28,262,https://www.football-data.co.uk/mmz4281/2526/E0.csv,2026-05-25
2025-26,Aston Villa,28,2026-02-27,Wolves,A,0,2,L,0,51,8,38,30,272,https://www.football-data.co.uk/mmz4281/2526/E0.csv,2026-05-25
2025-26,Aston Villa,29,2026-03-04,Chelsea,H,1,4,L,0,51,5,39,34,286,https://www.football-data.co.uk/mmz4281/2526/E0.csv,2026-05-25
2025-26,Aston Villa,30,2026-03-15,Man United,A,1,3,L,0,51,3,40,37,298,https://www.football-data.co.uk/mmz4281/2526/E0.csv,2026-05-25
2025-26,Aston Villa,31,2026-03-22,West Ham,H,2,0,W,3,54,5,42,37,308,https://www.football-data.co.uk/mmz4281/2526/E0.csv,2026-05-25
2025-26,Aston Villa,32,2026-04-12,Nott'm Forest,A,1,1,D,1,55,5,43,38,316,https://www.football-data.co.uk/mmz4281/2526/E0.csv,2026-05-25
2025-26,Aston Villa,33,2026-04-19,Sunderland,H,4,3,W,3,58,6,47,41,325,https://www.football-data.co.uk/mmz4281/2526/E0.csv,2026-05-25
2025-26,Aston Villa,34,2026-04-25,Fulham,A,0,1,L,0,58,5,47,42,334,https://www.football-data.co.uk/mmz4281/2526/E0.csv,2026-05-25
2025-26,Aston Villa,35,2026-05-03,Tottenham,H,1,2,L,0,58,4,48,44,347,https://www.football-data.co.uk/mmz4281/2526/E0.csv,2026-05-25
2025-26,Aston Villa,36,2026-05-10,Burnley,A,2,2,D,1,59,4,50,46,355,https://www.football-data.co.uk/mmz4281/2526/E0.csv,2026-05-25
2025-26,Aston Villa,37,2026-05-15,Liverpool,H,4,2,W,3,62,6,54,48,361,https://www.football-data.co.uk/mmz4281/2526/E0.csv,2026-05-25
2025-26,Aston Villa,38,2026-05-24,Man City,A,2,1,W,3,65,7,56,49,376,https://www.football-data.co.uk/mmz4281/2526/E0.csv,2026-05-25
2025-26,Bournemouth,1,2025-08-15,Liverpool,A,2,4,L,0,0,-2,2,4,1,https://www.football-data.co.uk/mmz4281/2526/E0.csv,2026-05-25
2025-26,Bournemouth,2,2025-08-23,Wolves,H,1,0,W,3,3,-1,3,4,13,https://www.football-data.co.uk/mmz4281/2526/E0.csv,2026-05-25
2025-26,Bournemouth,3,2025-08-30,Tottenham,A,1,0,W,3,6,0,4,4,24,https://www.football-data.co.uk/mmz4281/2526/E0.csv,2026-05-25
2025-26,Bournemouth,4,2025-09-13,Brighton,H,2,1,W,3,9,1,6,5,32,https://www.football-data.co.uk/mmz4281/2526/E0.csv,2026-05-25
2025-26,Bournemouth,5,2025-09-21,Newcastle,H,0,0,D,1,10,1,6,5,48,https://www.football-data.co.uk/mmz4281/2526/E0.csv,2026-05-25
2025-26,Bournemouth,6,2025-09-27,Leeds,A,2,2,D,1,11,1,8,7,54,https://www.football-data.co.uk/mmz4281/2526/E0.csv,2026-05-25
2025-26,Bournemouth,7,2025-10-03,Fulham,H,3,1,W,3,14,3,11,8,61,https://www.football-data.co.uk/mmz4281/2526/E0.csv,2026-05-25
2025-26,Bournemouth,8,2025-10-18,Crystal Palace,A,3,3,D,1,15,3,14,11,74,https://www.football-data.co.uk/mmz4281/2526/E0.csv,2026-05-25
2025-26,Bournemouth,9,2025-10-26,Nott'm Forest,H,2,0,W,3,18,5,16,11,88,https://www.football-data.co.uk/mmz4281/2526/E0.csv,2026-05-25
2025-26,Bournemouth,10,2025-11-02,Man City,A,1,3,L,0,18,3,17,14,99,https://www.football-data.co.uk/mmz4281/2526/E0.csv,2026-05-25
2025-26,Bournemouth,11,2025-11-09,Aston Villa,A,0,4,L,0,18,-1,17,18,106,https://www.football-data.co.uk/mmz4281/2526/E0.csv,2026-05-25
2025-26,Bournemouth,12,2025-11-22,West Ham,H,2,2,D,1,19,-1,19,20,112,https://www.football-data.co.uk/mmz4281/2526/E0.csv,2026-05-25
2025-26,Bournemouth,13,2025-11-29,Sunderland,A,2,3,L,0,19,-2,21,23,123,https://www.football-data.co.uk/mmz4281/2526/E0.csv,2026-05-25
2025-26,Bournemouth,14,2025-12-02,Everton,H,0,1,L,0,19,-3,21,24,131,https://www.football-data.co.uk/mmz4281/2526/E0.csv,2026-05-25
2025-26,Bournemouth,15,2025-12-06,Chelsea,H,0,0,D,1,20,-3,21,24,142,https://www.football-data.co.uk/mmz4281/2526/E0.csv,2026-05-25
2025-26,Bournemouth,16,2025-12-15,Man United,A,4,4,D,1,21,-3,25,28,160,https://www.football-data.co.uk/mmz4281/2526/E0.csv,2026-05-25
2025-26,Bournemouth,17,2025-12-20,Burnley,H,1,1,D,1,22,-3,26,29,162,https://www.football-data.co.uk/mmz4281/2526/E0.csv,2026-05-25
2025-26,Bournemouth,18,2025-12-27,Brentford,A,1,4,L,0,22,-6,27,33,174,https://www.football-data.co.uk/mmz4281/2526/E0.csv,2026-05-25
2025-26,Bournemouth,19,2025-12-30,Chelsea,A,2,2,D,1,23,-6,29,35,182,https://www.football-data.co.uk/mmz4281/2526/E0.csv,2026-05-25
2025-26,Bournemouth,20,2026-01-03,Arsenal,H,2,3,L,0,23,-7,31,38,194,https://www.football-data.co.uk/mmz4281/2526/E0.csv,2026-05-25
2025-26,Bournemouth,21,2026-01-07,Tottenham,H,3,2,W,3,26,-6,34,40,202,https://www.football-data.co.uk/mmz4281/2526/E0.csv,2026-05-25
2025-26,Bournemouth,22,2026-01-19,Brighton,A,1,1,D,1,27,-6,35,41,220,https://www.football-data.co.uk/mmz4281/2526/E0.csv,2026-05-25
2025-26,Bournemouth,23,2026-01-24,Liverpool,H,3,2,W,3,30,-5,38,43,225,https://www.football-data.co.uk/mmz4281/2526/E0.csv,2026-05-25
2025-26,Bournemouth,24,2026-01-31,Wolves,A,2,0,W,3,33,-3,40,43,233,https://www.football-data.co.uk/mmz4281/2526/E0.csv,2026-05-25
2025-26,Bournemouth,25,2026-02-07,Aston Villa,H,1,1,D,1,34,-3,41,44,244,https://www.football-data.co.uk/mmz4281/2526/E0.csv,2026-05-25
2025-26,Bournemouth,26,2026-02-10,Everton,A,2,1,W,3,37,-2,43,45,252,https://www.football-data.co.uk/mmz4281/2526/E0.csv,2026-05-25
2025-26,Bournemouth,27,2026-02-21,West Ham,A,0,0,D,1,38,-2,43,45,265,https://www.football-data.co.uk/mmz4281/2526/E0.csv,2026-05-25
2025-26,Bournemouth,28,2026-02-28,Sunderland,H,1,1,D,1,39,-2,44,46,273,https://www.football-data.co.uk/mmz4281/2526/E0.csv,2026-05-25
2025-26,Bournemouth,29,2026-03-03,Brentford,H,0,0,D,1,40,-2,44,46,282,https://www.football-data.co.uk/mmz4281/2526/E0.csv,2026-05-25
2025-26,Bournemouth,30,2026-03-14,Burnley,A,0,0,D,1,41,-2,44,46,292,https://www.football-data.co.uk/mmz4281/2526/E0.csv,2026-05-25
2025-26,Bournemouth,31,2026-03-20,Man United,H,2,2,D,1,42,-2,46,48,302,https://www.football-data.co.uk/mmz4281/2526/E0.csv,2026-05-25
2025-26,Bournemouth,32,2026-04-11,Arsenal,A,2,1,W,3,45,-1,48,49,311,https://www.football-data.co.uk/mmz4281/2526/E0.csv,2026-05-25
2025-26,Bournemouth,33,2026-04-18,Newcastle,A,2,1,W,3,48,0,50,50,322,https://www.football-data.co.uk/mmz4281/2526/E0.csv,2026-05-25
2025-26,Bournemouth,34,2026-04-22,Leeds,H,2,2,D,1,49,0,52,52,331,https://www.football-data.co.uk/mmz4281/2526/E0.csv,2026-05-25
2025-26,Bournemouth,35,2026-05-03,Crystal Palace,H,3,0,W,3,52,3,55,52,345,https://www.football-data.co.uk/mmz4281/2526/E0.csv,2026-05-25
2025-26,Bournemouth,36,2026-05-09,Fulham,A,1,0,W,3,55,4,56,52,352,https://www.football-data.co.uk/mmz4281/2526/E0.csv,2026-05-25
2025-26,Bournemouth,37,2026-05-19,Man City,H,1,1,D,1,56,4,57,53,369,https://www.football-data.co.uk/mmz4281/2526/E0.csv,2026-05-25
2025-26,Bournemouth,38,2026-05-24,Nott'm Forest,A,1,1,D,1,57,4,58,54,377,https://www.football-data.co.uk/mmz4281/2526/E0.csv,2026-05-25
2025-26,Brentford,1,2025-08-17,Nott'm Forest,A,1,3,L,0,0,-2,1,3,8,https://www.football-data.co.uk/mmz4281/2526/E0.csv,2026-05-25
2025-26,Brentford,2,2025-08-23,Aston Villa,H,1,0,W,3,3,-1,2,3,14,https://www.football-data.co.uk/mmz4281/2526/E0.csv,2026-05-25
2025-26,Brentford,3,2025-08-30,Sunderland,A,1,2,L,0,3,-2,3,5,23,https://www.football-data.co.uk/mmz4281/2526/E0.csv,2026-05-25
2025-26,Brentford,4,2025-09-13,Chelsea,H,2,2,D,1,4,-2,5,7,38,https://www.football-data.co.uk/mmz4281/2526/E0.csv,2026-05-25
2025-26,Brentford,5,2025-09-20,Fulham,A,1,3,L,0,4,-4,6,10,47,https://www.football-data.co.uk/mmz4281/2526/E0.csv,2026-05-25
2025-26,Brentford,6,2025-09-27,Man United,H,3,1,W,3,7,-2,9,11,51,https://www.football-data.co.uk/mmz4281/2526/E0.csv,2026-05-25
2025-26,Brentford,7,2025-10-05,Man City,H,0,1,L,0,7,-3,9,12,70,https://www.football-data.co.uk/mmz4281/2526/E0.csv,2026-05-25
2025-26,Brentford,8,2025-10-20,West Ham,A,2,0,W,3,10,-1,11,12,80,https://www.football-data.co.uk/mmz4281/2526/E0.csv,2026-05-25
2025-26,Brentford,9,2025-10-25,Liverpool,H,3,2,W,3,13,0,14,14,85,https://www.football-data.co.uk/mmz4281/2526/E0.csv,2026-05-25
2025-26,Brentford,10,2025-11-01,Crystal Palace,A,0,2,L,0,13,-2,14,16,93,https://www.football-data.co.uk/mmz4281/2526/E0.csv,2026-05-25
2025-26,Brentford,11,2025-11-09,Newcastle,H,3,1,W,3,16,0,17,17,107,https://www.football-data.co.uk/mmz4281/2526/E0.csv,2026-05-25
2025-26,Brentford,12,2025-11-22,Brighton,A,1,2,L,0,16,-1,18,19,113,https://www.football-data.co.uk/mmz4281/2526/E0.csv,2026-05-25
2025-26,Brentford,13,2025-11-29,Burnley,H,3,1,W,3,19,1,21,20,121,https://www.football-data.co.uk/mmz4281/2526/E0.csv,2026-05-25
2025-26,Brentford,14,2025-12-03,Arsenal,A,0,2,L,0,19,-1,21,22,134,https://www.football-data.co.uk/mmz4281/2526/E0.csv,2026-05-25
2025-26,Brentford,15,2025-12-06,Tottenham,A,0,2,L,0,19,-3,21,24,146,https://www.football-data.co.uk/mmz4281/2526/E0.csv,2026-05-25
2025-26,Brentford,16,2025-12-14,Leeds,H,1,1,D,1,20,-3,22,25,159,https://www.football-data.co.uk/mmz4281/2526/E0.csv,2026-05-25
2025-26,Brentford,17,2025-12-20,Wolves,A,2,0,W,3,23,-1,24,25,165,https://www.football-data.co.uk/mmz4281/2526/E0.csv,2026-05-25
2025-26,Brentford,18,2025-12-27,Bournemouth,H,4,1,W,3,26,2,28,26,174,https://www.football-data.co.uk/mmz4281/2526/E0.csv,2026-05-25
2025-26,Brentford,19,2026-01-01,Tottenham,H,0,0,D,1,27,2,28,26,189,https://www.football-data.co.uk/mmz4281/2526/E0.csv,2026-05-25
2025-26,Brentford,20,2026-01-04,Everton,A,4,2,W,3,30,4,32,28,196,https://www.football-data.co.uk/mmz4281/2526/E0.csv,2026-05-25
2025-26,Brentford,21,2026-01-07,Sunderland,H,3,0,W,3,33,7,35,28,203,https://www.football-data.co.uk/mmz4281/2526/E0.csv,2026-05-25
2025-26,Brentford,22,2026-01-17,Chelsea,A,0,2,L,0,33,5,35,30,212,https://www.football-data.co.uk/mmz4281/2526/E0.csv,2026-05-25
2025-26,Brentford,23,2026-01-25,Nott'm Forest,H,0,2,L,0,33,3,35,32,226,https://www.football-data.co.uk/mmz4281/2526/E0.csv,2026-05-25
2025-26,Brentford,24,2026-02-01,Aston Villa,A,1,0,W,3,36,4,36,32,236,https://www.football-data.co.uk/mmz4281/2526/E0.csv,2026-05-25
2025-26,Brentford,25,2026-02-07,Newcastle,A,3,2,W,3,39,5,39,34,248,https://www.football-data.co.uk/mmz4281/2526/E0.csv,2026-05-25
2025-26,Brentford,26,2026-02-12,Arsenal,H,1,1,D,1,40,5,40,35,260,https://www.football-data.co.uk/mmz4281/2526/E0.csv,2026-05-25
2025-26,Brentford,27,2026-02-21,Brighton,H,0,2,L,0,40,3,40,37,263,https://www.football-data.co.uk/mmz4281/2526/E0.csv,2026-05-25
2025-26,Brentford,28,2026-02-28,Burnley,A,4,3,W,3,43,4,44,40,274,https://www.football-data.co.uk/mmz4281/2526/E0.csv,2026-05-25
2025-26,Brentford,29,2026-03-03,Bournemouth,A,0,0,D,1,44,4,44,40,282,https://www.football-data.co.uk/mmz4281/2526/E0.csv,2026-05-25
2025-26,Brentford,30,2026-03-16,Wolves,H,2,2,D,1,45,4,46,42,301,https://www.football-data.co.uk/mmz4281/2526/E0.csv,2026-05-25
2025-26,Brentford,31,2026-03-21,Leeds,A,0,0,D,1,46,4,46,42,306,https://www.football-data.co.uk/mmz4281/2526/E0.csv,2026-05-25
2025-26,Brentford,32,2026-04-11,Everton,H,2,2,D,1,47,4,48,44,312,https://www.football-data.co.uk/mmz4281/2526/E0.csv,2026-05-25
2025-26,Brentford,33,2026-04-18,Fulham,H,0,0,D,1,48,4,48,44,320,https://www.football-data.co.uk/mmz4281/2526/E0.csv,2026-05-25
2025-26,Brentford,34,2026-04-27,Man United,A,1,2,L,0,48,3,49,46,339,https://www.football-data.co.uk/mmz4281/2526/E0.csv,2026-05-25
2025-26,Brentford,35,2026-05-02,West Ham,H,3,0,W,3,51,6,52,46,341,https://www.football-data.co.uk/mmz4281/2526/E0.csv,2026-05-25
2025-26,Brentford,36,2026-05-09,Man City,A,0,3,L,0,51,3,52,49,354,https://www.football-data.co.uk/mmz4281/2526/E0.csv,2026-05-25
2025-26,Brentford,37,2026-05-17,Crystal Palace,H,2,2,D,1,52,3,54,51,363,https://www.football-data.co.uk/mmz4281/2526/E0.csv,2026-05-25
2025-26,Brentford,38,2026-05-24,Liverpool,A,1,1,D,1,53,3,55,52,375,https://www.football-data.co.uk/mmz4281/2526/E0.csv,2026-05-25
2025-26,Brighton,1,2025-08-16,Fulham,H,1,1,D,1,1,0,1,1,3,https://www.football-data.co.uk/mmz4281/2526/E0.csv,2026-05-25
2025-26,Brighton,2,2025-08-24,Everton,A,0,2,L,0,1,-2,1,3,18,https://www.football-data.co.uk/mmz4281/2526/E0.csv,2026-05-25
2025-26,Brighton,3,2025-08-31,Man City,H,2,1,W,3,4,-1,3,4,27,https://www.football-data.co.uk/mmz4281/2526/E0.csv,2026-05-25
2025-26,Brighton,4,2025-09-13,Bournemouth,A,1,2,L,0,4,-2,4,6,32,https://www.football-data.co.uk/mmz4281/2526/E0.csv,2026-05-25
2025-26,Brighton,5,2025-09-20,Tottenham,H,2,2,D,1,5,-2,6,8,42,https://www.football-data.co.uk/mmz4281/2526/E0.csv,2026-05-25
2025-26,Brighton,6,2025-09-27,Chelsea,A,3,1,W,3,8,0,9,9,52,https://www.football-data.co.uk/mmz4281/2526/E0.csv,2026-05-25
2025-26,Brighton,7,2025-10-05,Wolves,A,1,1,D,1,9,0,10,10,69,https://www.football-data.co.uk/mmz4281/2526/E0.csv,2026-05-25
2025-26,Brighton,8,2025-10-18,Newcastle,H,2,1,W,3,12,1,12,11,72,https://www.football-data.co.uk/mmz4281/2526/E0.csv,2026-05-25
2025-26,Brighton,9,2025-10-25,Man United,A,2,4,L,0,12,-1,14,15,84,https://www.football-data.co.uk/mmz4281/2526/E0.csv,2026-05-25
2025-26,Brighton,10,2025-11-01,Leeds,H,3,0,W,3,15,2,17,15,91,https://www.football-data.co.uk/mmz4281/2526/E0.csv,2026-05-25
2025-26,Brighton,11,2025-11-09,Crystal Palace,A,0,0,D,1,16,2,17,15,108,https://www.football-data.co.uk/mmz4281/2526/E0.csv,2026-05-25
2025-26,Brighton,12,2025-11-22,Brentford,H,2,1,W,3,19,3,19,16,113,https://www.football-data.co.uk/mmz4281/2526/E0.csv,2026-05-25
2025-26,Brighton,13,2025-11-30,Nott'm Forest,A,2,0,W,3,22,5,21,16,128,https://www.football-data.co.uk/mmz4281/2526/E0.csv,2026-05-25
2025-26,Brighton,14,2025-12-03,Aston Villa,H,3,4,L,0,22,4,24,20,135,https://www.football-data.co.uk/mmz4281/2526/E0.csv,2026-05-25
2025-26,Brighton,15,2025-12-07,West Ham,H,1,1,D,1,23,4,25,21,148,https://www.football-data.co.uk/mmz4281/2526/E0.csv,2026-05-25
2025-26,Brighton,16,2025-12-13,Liverpool,A,0,2,L,0,23,2,25,23,152,https://www.football-data.co.uk/mmz4281/2526/E0.csv,2026-05-25
2025-26,Brighton,17,2025-12-20,Sunderland,H,0,0,D,1,24,2,25,23,163,https://www.football-data.co.uk/mmz4281/2526/E0.csv,2026-05-25
2025-26,Brighton,18,2025-12-27,Arsenal,A,1,2,L,0,24,1,26,25,173,https://www.football-data.co.uk/mmz4281/2526/E0.csv,2026-05-25
2025-26,Brighton,19,2025-12-30,West Ham,A,2,2,D,1,25,1,28,27,184,https://www.football-data.co.uk/mmz4281/2526/E0.csv,2026-05-25
2025-26,Brighton,20,2026-01-03,Burnley,H,2,0,W,3,28,3,30,27,192,https://www.football-data.co.uk/mmz4281/2526/E0.csv,2026-05-25
2025-26,Brighton,21,2026-01-07,Man City,A,1,1,D,1,29,3,31,28,207,https://www.football-data.co.uk/mmz4281/2526/E0.csv,2026-05-25
2025-26,Brighton,22,2026-01-19,Bournemouth,H,1,1,D,1,30,3,32,29,220,https://www.football-data.co.uk/mmz4281/2526/E0.csv,2026-05-25
2025-26,Brighton,23,2026-01-24,Fulham,A,1,2,L,0,30,2,33,31,223,https://www.football-data.co.uk/mmz4281/2526/E0.csv,2026-05-25
2025-26,Brighton,24,2026-01-31,Everton,H,1,1,D,1,31,2,34,32,231,https://www.football-data.co.uk/mmz4281/2526/E0.csv,2026-05-25
2025-26,Brighton,25,2026-02-08,Crystal Palace,H,0,1,L,0,31,1,34,33,249,https://www.football-data.co.uk/mmz4281/2526/E0.csv,2026-05-25
2025-26,Brighton,26,2026-02-11,Aston Villa,A,0,1,L,0,31,0,34,34,255,https://www.football-data.co.uk/mmz4281/2526/E0.csv,2026-05-25
2025-26,Brighton,27,2026-02-21,Brentford,A,2,0,W,3,34,2,36,34,263,https://www.football-data.co.uk/mmz4281/2526/E0.csv,2026-05-25
2025-26,Brighton,28,2026-03-01,Nott'm Forest,H,2,1,W,3,37,3,38,35,278,https://www.football-data.co.uk/mmz4281/2526/E0.csv,2026-05-25
2025-26,Brighton,29,2026-03-04,Arsenal,H,0,1,L,0,37,2,38,36,287,https://www.football-data.co.uk/mmz4281/2526/E0.csv,2026-05-25
2025-26,Brighton,30,2026-03-14,Sunderland,A,1,0,W,3,40,3,39,36,293,https://www.football-data.co.uk/mmz4281/2526/E0.csv,2026-05-25
2025-26,Brighton,31,2026-03-21,Liverpool,H,2,1,W,3,43,4,41,37,303,https://www.football-data.co.uk/mmz4281/2526/E0.csv,2026-05-25
2025-26,Brighton,32,2026-04-11,Burnley,A,2,0,W,3,46,6,43,37,313,https://www.football-data.co.uk/mmz4281/2526/E0.csv,2026-05-25
2025-26,Brighton,33,2026-04-18,Tottenham,A,2,2,D,1,47,6,45,39,323,https://www.football-data.co.uk/mmz4281/2526/E0.csv,2026-05-25
2025-26,Brighton,34,2026-04-21,Chelsea,H,3,0,W,3,50,9,48,39,330,https://www.football-data.co.uk/mmz4281/2526/E0.csv,2026-05-25
2025-26,Brighton,35,2026-05-02,Newcastle,A,1,3,L,0,50,7,49,42,342,https://www.football-data.co.uk/mmz4281/2526/E0.csv,2026-05-25
2025-26,Brighton,36,2026-05-09,Wolves,H,3,0,W,3,53,10,52,42,351,https://www.football-data.co.uk/mmz4281/2526/E0.csv,2026-05-25
2025-26,Brighton,37,2026-05-17,Leeds,A,0,1,L,0,53,9,52,43,365,https://www.football-data.co.uk/mmz4281/2526/E0.csv,2026-05-25
2025-26,Brighton,38,2026-05-24,Man United,H,0,3,L,0,53,6,52,46,371,https://www.football-data.co.uk/mmz4281/2526/E0.csv,2026-05-25
2025-26,Burnley,1,2025-08-16,Tottenham,A,0,3,L,0,0,-3,0,3,5,https://www.football-data.co.uk/mmz4281/2526/E0.csv,2026-05-25
2025-26,Burnley,2,2025-08-23,Sunderland,H,2,0,W,3,3,-1,2,3,15,https://www.football-data.co.uk/mmz4281/2526/E0.csv,2026-05-25
2025-26,Burnley,3,2025-08-30,Man United,A,2,3,L,0,3,-2,4,6,22,https://www.football-data.co.uk/mmz4281/2526/E0.csv,2026-05-25
2025-26,Burnley,4,2025-09-14,Liverpool,H,0,1,L,0,3,-3,4,7,39,https://www.football-data.co.uk/mmz4281/2526/E0.csv,2026-05-25
2025-26,Burnley,5,2025-09-20,Nott'm Forest,H,1,1,D,1,4,-3,5,8,43,https://www.football-data.co.uk/mmz4281/2526/E0.csv,2026-05-25
2025-26,Burnley,6,2025-09-27,Man City,A,1,5,L,0,4,-7,6,13,55,https://www.football-data.co.uk/mmz4281/2526/E0.csv,2026-05-25
2025-26,Burnley,7,2025-10-05,Aston Villa,A,1,2,L,0,4,-8,7,15,66,https://www.football-data.co.uk/mmz4281/2526/E0.csv,2026-05-25
2025-26,Burnley,8,2025-10-18,Leeds,H,2,0,W,3,7,-6,9,15,73,https://www.football-data.co.uk/mmz4281/2526/E0.csv,2026-05-25
2025-26,Burnley,9,2025-10-26,Wolves,A,3,2,W,3,10,-5,12,17,89,https://www.football-data.co.uk/mmz4281/2526/E0.csv,2026-05-25
2025-26,Burnley,10,2025-11-01,Arsenal,H,0,2,L,0,10,-7,12,19,92,https://www.football-data.co.uk/mmz4281/2526/E0.csv,2026-05-25
2025-26,Burnley,11,2025-11-08,West Ham,A,2,3,L,0,10,-8,14,22,103,https://www.football-data.co.uk/mmz4281/2526/E0.csv,2026-05-25
2025-26,Burnley,12,2025-11-22,Chelsea,H,0,2,L,0,10,-10,14,24,111,https://www.football-data.co.uk/mmz4281/2526/E0.csv,2026-05-25
2025-26,Burnley,13,2025-11-29,Brentford,A,1,3,L,0,10,-12,15,27,121,https://www.football-data.co.uk/mmz4281/2526/E0.csv,2026-05-25
2025-26,Burnley,14,2025-12-03,Crystal Palace,H,0,1,L,0,10,-13,15,28,136,https://www.football-data.co.uk/mmz4281/2526/E0.csv,2026-05-25
2025-26,Burnley,15,2025-12-06,Newcastle,A,1,2,L,0,10,-14,16,30,145,https://www.football-data.co.uk/mmz4281/2526/E0.csv,2026-05-25
2025-26,Burnley,16,2025-12-13,Fulham,H,2,3,L,0,10,-15,18,33,153,https://www.football-data.co.uk/mmz4281/2526/E0.csv,2026-05-25
2025-26,Burnley,17,2025-12-20,Bournemouth,A,1,1,D,1,11,-15,19,34,162,https://www.football-data.co.uk/mmz4281/2526/E0.csv,2026-05-25
2025-26,Burnley,18,2025-12-27,Everton,H,0,0,D,1,12,-15,19,34,175,https://www.football-data.co.uk/mmz4281/2526/E0.csv,2026-05-25
2025-26,Burnley,19,2025-12-30,Newcastle,H,1,3,L,0,12,-17,20,37,181,https://www.football-data.co.uk/mmz4281/2526/E0.csv,2026-05-25
2025-26,Burnley,20,2026-01-03,Brighton,A,0,2,L,0,12,-19,20,39,192,https://www.football-data.co.uk/mmz4281/2526/E0.csv,2026-05-25
2025-26,Burnley,21,2026-01-07,Man United,H,2,2,D,1,13,-19,22,41,208,https://www.football-data.co.uk/mmz4281/2526/E0.csv,2026-05-25
2025-26,Burnley,22,2026-01-17,Liverpool,A,1,1,D,1,14,-19,23,42,214,https://www.football-data.co.uk/mmz4281/2526/E0.csv,2026-05-25
2025-26,Burnley,23,2026-01-24,Tottenham,H,2,2,D,1,15,-19,25,44,222,https://www.football-data.co.uk/mmz4281/2526/E0.csv,2026-05-25
2025-26,Burnley,24,2026-02-02,Sunderland,A,0,3,L,0,15,-22,25,47,240,https://www.football-data.co.uk/mmz4281/2526/E0.csv,2026-05-25
2025-26,Burnley,25,2026-02-07,West Ham,H,0,2,L,0,15,-24,25,49,245,https://www.football-data.co.uk/mmz4281/2526/E0.csv,2026-05-25
2025-26,Burnley,26,2026-02-11,Crystal Palace,A,3,2,W,3,18,-23,28,51,256,https://www.football-data.co.uk/mmz4281/2526/E0.csv,2026-05-25
2025-26,Burnley,27,2026-02-21,Chelsea,A,1,1,D,1,19,-23,29,52,264,https://www.football-data.co.uk/mmz4281/2526/E0.csv,2026-05-25
2025-26,Burnley,28,2026-02-28,Brentford,H,3,4,L,0,19,-24,32,56,274,https://www.football-data.co.uk/mmz4281/2526/E0.csv,2026-05-25
2025-26,Burnley,29,2026-03-03,Everton,A,0,2,L,0,19,-26,32,58,283,https://www.football-data.co.uk/mmz4281/2526/E0.csv,2026-05-25
2025-26,Burnley,30,2026-03-14,Bournemouth,H,0,0,D,1,20,-26,32,58,292,https://www.football-data.co.uk/mmz4281/2526/E0.csv,2026-05-25
2025-26,Burnley,31,2026-03-21,Fulham,A,1,3,L,0,20,-28,33,61,304,https://www.football-data.co.uk/mmz4281/2526/E0.csv,2026-05-25
2025-26,Burnley,32,2026-04-11,Brighton,H,0,2,L,0,20,-30,33,63,313,https://www.football-data.co.uk/mmz4281/2526/E0.csv,2026-05-25
2025-26,Burnley,33,2026-04-19,Nott'm Forest,A,1,4,L,0,20,-33,34,67,327,https://www.football-data.co.uk/mmz4281/2526/E0.csv,2026-05-25
2025-26,Burnley,34,2026-04-22,Man City,H,0,1,L,0,20,-34,34,68,332,https://www.football-data.co.uk/mmz4281/2526/E0.csv,2026-05-25
2025-26,Burnley,35,2026-05-01,Leeds,A,1,3,L,0,20,-36,35,71,340,https://www.football-data.co.uk/mmz4281/2526/E0.csv,2026-05-25
2025-26,Burnley,36,2026-05-10,Aston Villa,H,2,2,D,1,21,-36,37,73,355,https://www.football-data.co.uk/mmz4281/2526/E0.csv,2026-05-25
2025-26,Burnley,37,2026-05-18,Arsenal,A,0,1,L,0,21,-37,37,74,368,https://www.football-data.co.uk/mmz4281/2526/E0.csv,2026-05-25
2025-26,Burnley,38,2026-05-24,Wolves,H,1,1,D,1,22,-37,38,75,372,https://www.football-data.co.uk/mmz4281/2526/E0.csv,2026-05-25
2025-26,Chelsea,1,2025-08-17,Crystal Palace,H,0,0,D,1,1,0,0,0,7,https://www.football-data.co.uk/mmz4281/2526/E0.csv,2026-05-25
2025-26,Chelsea,2,2025-08-22,West Ham,A,5,1,W,3,4,4,5,1,11,https://www.football-data.co.uk/mmz4281/2526/E0.csv,2026-05-25
2025-26,Chelsea,3,2025-08-30,Fulham,H,2,0,W,3,7,6,7,1,21,https://www.football-data.co.uk/mmz4281/2526/E0.csv,2026-05-25
2025-26,Chelsea,4,2025-09-13,Brentford,A,2,2,D,1,8,6,9,3,38,https://www.football-data.co.uk/mmz4281/2526/E0.csv,2026-05-25
2025-26,Chelsea,5,2025-09-20,Man United,A,1,2,L,0,8,5,10,5,46,https://www.football-data.co.uk/mmz4281/2526/E0.csv,2026-05-25
2025-26,Chelsea,6,2025-09-27,Brighton,H,1,3,L,0,8,3,11,8,52,https://www.football-data.co.uk/mmz4281/2526/E0.csv,2026-05-25
2025-26,Chelsea,7,2025-10-04,Liverpool,H,2,1,W,3,11,4,13,9,65,https://www.football-data.co.uk/mmz4281/2526/E0.csv,2026-05-25
2025-26,Chelsea,8,2025-10-18,Nott'm Forest,A,3,0,W,3,14,7,16,9,71,https://www.football-data.co.uk/mmz4281/2526/E0.csv,2026-05-25
2025-26,Chelsea,9,2025-10-25,Sunderland,H,1,2,L,0,14,6,17,11,82,https://www.football-data.co.uk/mmz4281/2526/E0.csv,2026-05-25
2025-26,Chelsea,10,2025-11-01,Tottenham,A,1,0,W,3,17,7,18,11,96,https://www.football-data.co.uk/mmz4281/2526/E0.csv,2026-05-25
2025-26,Chelsea,11,2025-11-08,Wolves,H,3,0,W,3,20,10,21,11,105,https://www.football-data.co.uk/mmz4281/2526/E0.csv,2026-05-25
2025-26,Chelsea,12,2025-11-22,Burnley,A,2,0,W,3,23,12,23,11,111,https://www.football-data.co.uk/mmz4281/2526/E0.csv,2026-05-25
2025-26,Chelsea,13,2025-11-30,Arsenal,H,1,1,D,1,24,12,24,12,130,https://www.football-data.co.uk/mmz4281/2526/E0.csv,2026-05-25
2025-26,Chelsea,14,2025-12-03,Leeds,A,1,3,L,0,24,10,25,15,138,https://www.football-data.co.uk/mmz4281/2526/E0.csv,2026-05-25
2025-26,Chelsea,15,2025-12-06,Bournemouth,A,0,0,D,1,25,10,25,15,142,https://www.football-data.co.uk/mmz4281/2526/E0.csv,2026-05-25
2025-26,Chelsea,16,2025-12-13,Everton,H,2,0,W,3,28,12,27,15,151,https://www.football-data.co.uk/mmz4281/2526/E0.csv,2026-05-25
2025-26,Chelsea,17,2025-12-20,Newcastle,A,2,2,D,1,29,12,29,17,161,https://www.football-data.co.uk/mmz4281/2526/E0.csv,2026-05-25
2025-26,Chelsea,18,2025-12-27,Aston Villa,H,1,2,L,0,29,11,30,19,178,https://www.football-data.co.uk/mmz4281/2526/E0.csv,2026-05-25
2025-26,Chelsea,19,2025-12-30,Bournemouth,H,2,2,D,1,30,11,32,21,182,https://www.football-data.co.uk/mmz4281/2526/E0.csv,2026-05-25
2025-26,Chelsea,20,2026-01-04,Man City,A,1,1,D,1,31,11,33,22,200,https://www.football-data.co.uk/mmz4281/2526/E0.csv,2026-05-25
2025-26,Chelsea,21,2026-01-07,Fulham,A,1,2,L,0,31,10,34,24,206,https://www.football-data.co.uk/mmz4281/2526/E0.csv,2026-05-25
2025-26,Chelsea,22,2026-01-17,Brentford,H,2,0,W,3,34,12,36,24,212,https://www.football-data.co.uk/mmz4281/2526/E0.csv,2026-05-25
2025-26,Chelsea,23,2026-01-25,Crystal Palace,A,3,1,W,3,37,14,39,25,227,https://www.football-data.co.uk/mmz4281/2526/E0.csv,2026-05-25
2025-26,Chelsea,24,2026-01-31,West Ham,H,3,2,W,3,40,15,42,27,234,https://www.football-data.co.uk/mmz4281/2526/E0.csv,2026-05-25
2025-26,Chelsea,25,2026-02-07,Wolves,A,3,1,W,3,43,17,45,28,247,https://www.football-data.co.uk/mmz4281/2526/E0.csv,2026-05-25
2025-26,Chelsea,26,2026-02-10,Leeds,H,2,2,D,1,44,17,47,30,251,https://www.football-data.co.uk/mmz4281/2526/E0.csv,2026-05-25
2025-26,Chelsea,27,2026-02-21,Burnley,H,1,1,D,1,45,17,48,31,264,https://www.football-data.co.uk/mmz4281/2526/E0.csv,2026-05-25
2025-26,Chelsea,28,2026-03-01,Arsenal,A,1,2,L,0,45,16,49,33,281,https://www.football-data.co.uk/mmz4281/2526/E0.csv,2026-05-25
2025-26,Chelsea,29,2026-03-04,Aston Villa,A,4,1,W,3,48,19,53,34,286,https://www.football-data.co.uk/mmz4281/2526/E0.csv,2026-05-25
2025-26,Chelsea,30,2026-03-14,Newcastle,H,0,1,L,0,48,18,53,35,295,https://www.football-data.co.uk/mmz4281/2526/E0.csv,2026-05-25
2025-26,Chelsea,31,2026-03-21,Everton,A,0,3,L,0,48,15,53,38,305,https://www.football-data.co.uk/mmz4281/2526/E0.csv,2026-05-25
2025-26,Chelsea,32,2026-04-12,Man City,H,0,3,L,0,48,12,53,41,318,https://www.football-data.co.uk/mmz4281/2526/E0.csv,2026-05-25
2025-26,Chelsea,33,2026-04-18,Man United,H,0,1,L,0,48,11,53,42,324,https://www.football-data.co.uk/mmz4281/2526/E0.csv,2026-05-25
2025-26,Chelsea,34,2026-04-21,Brighton,A,0,3,L,0,48,8,53,45,330,https://www.football-data.co.uk/mmz4281/2526/E0.csv,2026-05-25
2025-26,Chelsea,35,2026-05-04,Nott'm Forest,H,1,3,L,0,48,6,54,48,348,https://www.football-data.co.uk/mmz4281/2526/E0.csv,2026-05-25
2025-26,Chelsea,36,2026-05-09,Liverpool,A,1,1,D,1,49,6,55,49,350,https://www.football-data.co.uk/mmz4281/2526/E0.csv,2026-05-25
2025-26,Chelsea,37,2026-05-19,Tottenham,H,2,1,W,3,52,7,57,50,370,https://www.football-data.co.uk/mmz4281/2526/E0.csv,2026-05-25
2025-26,Chelsea,38,2026-05-24,Sunderland,A,1,2,L,0,52,6,58,52,378,https://www.football-data.co.uk/mmz4281/2526/E0.csv,2026-05-25
2025-26,Crystal Palace,1,2025-08-17,Chelsea,A,0,0,D,1,1,0,0,0,7,https://www.football-data.co.uk/mmz4281/2526/E0.csv,2026-05-25
2025-26,Crystal Palace,2,2025-08-24,Nott'm Forest,H,1,1,D,1,2,0,1,1,17,https://www.football-data.co.uk/mmz4281/2526/E0.csv,2026-05-25
2025-26,Crystal Palace,3,2025-08-31,Aston Villa,A,3,0,W,3,5,3,4,1,30,https://www.football-data.co.uk/mmz4281/2526/E0.csv,2026-05-25
2025-26,Crystal Palace,4,2025-09-13,Sunderland,H,0,0,D,1,6,3,4,1,33,https://www.football-data.co.uk/mmz4281/2526/E0.csv,2026-05-25
2025-26,Crystal Palace,5,2025-09-20,West Ham,A,2,1,W,3,9,4,6,2,44,https://www.football-data.co.uk/mmz4281/2526/E0.csv,2026-05-25
2025-26,Crystal Palace,6,2025-09-27,Liverpool,H,2,1,W,3,12,5,8,3,53,https://www.football-data.co.uk/mmz4281/2526/E0.csv,2026-05-25
2025-26,Crystal Palace,7,2025-10-05,Everton,A,1,2,L,0,12,4,9,5,67,https://www.football-data.co.uk/mmz4281/2526/E0.csv,2026-05-25
2025-26,Crystal Palace,8,2025-10-18,Bournemouth,H,3,3,D,1,13,4,12,8,74,https://www.football-data.co.uk/mmz4281/2526/E0.csv,2026-05-25
2025-26,Crystal Palace,9,2025-10-26,Arsenal,A,0,1,L,0,13,3,12,9,86,https://www.football-data.co.uk/mmz4281/2526/E0.csv,2026-05-25
2025-26,Crystal Palace,10,2025-11-01,Brentford,H,2,0,W,3,16,5,14,9,93,https://www.football-data.co.uk/mmz4281/2526/E0.csv,2026-05-25
2025-26,Crystal Palace,11,2025-11-09,Brighton,H,0,0,D,1,17,5,14,9,108,https://www.football-data.co.uk/mmz4281/2526/E0.csv,2026-05-25
2025-26,Crystal Palace,12,2025-11-22,Wolves,A,2,0,W,3,20,7,16,9,116,https://www.football-data.co.uk/mmz4281/2526/E0.csv,2026-05-25
2025-26,Crystal Palace,13,2025-11-30,Man United,H,1,2,L,0,20,6,17,11,126,https://www.football-data.co.uk/mmz4281/2526/E0.csv,2026-05-25
2025-26,Crystal Palace,14,2025-12-03,Burnley,A,1,0,W,3,23,7,18,11,136,https://www.football-data.co.uk/mmz4281/2526/E0.csv,2026-05-25
2025-26,Crystal Palace,15,2025-12-07,Fulham,A,2,1,W,3,26,8,20,12,149,https://www.football-data.co.uk/mmz4281/2526/E0.csv,2026-05-25
2025-26,Crystal Palace,16,2025-12-14,Man City,H,0,3,L,0,26,5,20,15,155,https://www.football-data.co.uk/mmz4281/2526/E0.csv,2026-05-25
2025-26,Crystal Palace,17,2025-12-20,Leeds,A,1,4,L,0,26,2,21,19,168,https://www.football-data.co.uk/mmz4281/2526/E0.csv,2026-05-25
2025-26,Crystal Palace,18,2025-12-28,Tottenham,H,0,1,L,0,26,1,21,20,180,https://www.football-data.co.uk/mmz4281/2526/E0.csv,2026-05-25
2025-26,Crystal Palace,19,2026-01-01,Fulham,H,1,1,D,1,27,1,22,21,187,https://www.football-data.co.uk/mmz4281/2526/E0.csv,2026-05-25
2025-26,Crystal Palace,20,2026-01-04,Newcastle,A,0,2,L,0,27,-1,22,23,197,https://www.football-data.co.uk/mmz4281/2526/E0.csv,2026-05-25
2025-26,Crystal Palace,21,2026-01-07,Aston Villa,H,0,0,D,1,28,-1,22,23,204,https://www.football-data.co.uk/mmz4281/2526/E0.csv,2026-05-25
2025-26,Crystal Palace,22,2026-01-17,Sunderland,A,1,2,L,0,28,-2,23,25,215,https://www.football-data.co.uk/mmz4281/2526/E0.csv,2026-05-25
2025-26,Crystal Palace,23,2026-01-25,Chelsea,H,1,3,L,0,28,-4,24,28,227,https://www.football-data.co.uk/mmz4281/2526/E0.csv,2026-05-25
2025-26,Crystal Palace,24,2026-02-01,Nott'm Forest,A,1,1,D,1,29,-4,25,29,238,https://www.football-data.co.uk/mmz4281/2526/E0.csv,2026-05-25
2025-26,Crystal Palace,25,2026-02-08,Brighton,A,1,0,W,3,32,-3,26,29,249,https://www.football-data.co.uk/mmz4281/2526/E0.csv,2026-05-25
2025-26,Crystal Palace,26,2026-02-11,Burnley,H,2,3,L,0,32,-4,28,32,256,https://www.football-data.co.uk/mmz4281/2526/E0.csv,2026-05-25
2025-26,Crystal Palace,27,2026-02-22,Wolves,H,1,0,W,3,35,-3,29,32,267,https://www.football-data.co.uk/mmz4281/2526/E0.csv,2026-05-25
2025-26,Crystal Palace,28,2026-03-01,Man United,A,1,2,L,0,35,-4,30,34,280,https://www.football-data.co.uk/mmz4281/2526/E0.csv,2026-05-25
2025-26,Crystal Palace,29,2026-03-05,Tottenham,A,3,1,W,3,38,-2,33,35,291,https://www.football-data.co.uk/mmz4281/2526/E0.csv,2026-05-25
2025-26,Crystal Palace,30,2026-03-15,Leeds,H,0,0,D,1,39,-2,33,35,297,https://www.football-data.co.uk/mmz4281/2526/E0.csv,2026-05-25
2025-26,Crystal Palace,31,2026-04-12,Newcastle,H,2,1,W,3,42,-1,35,36,315,https://www.football-data.co.uk/mmz4281/2526/E0.csv,2026-05-25
2025-26,Crystal Palace,32,2026-04-20,West Ham,H,0,0,D,1,43,-1,35,36,329,https://www.football-data.co.uk/mmz4281/2526/E0.csv,2026-05-25
2025-26,Crystal Palace,33,2026-04-25,Liverpool,A,1,3,L,0,43,-3,36,39,335,https://www.football-data.co.uk/mmz4281/2526/E0.csv,2026-05-25
2025-26,Crystal Palace,34,2026-05-03,Bournemouth,A,0,3,L,0,43,-6,36,42,345,https://www.football-data.co.uk/mmz4281/2526/E0.csv,2026-05-25
2025-26,Crystal Palace,35,2026-05-10,Everton,H,2,2,D,1,44,-6,38,44,356,https://www.football-data.co.uk/mmz4281/2526/E0.csv,2026-05-25
2025-26,Crystal Palace,36,2026-05-13,Man City,A,0,3,L,0,44,-9,38,47,360,https://www.football-data.co.uk/mmz4281/2526/E0.csv,2026-05-25
2025-26,Crystal Palace,37,2026-05-17,Brentford,A,2,2,D,1,45,-9,40,49,363,https://www.football-data.co.uk/mmz4281/2526/E0.csv,2026-05-25
2025-26,Crystal Palace,38,2026-05-24,Arsenal,H,1,2,L,0,45,-10,41,51,373,https://www.football-data.co.uk/mmz4281/2526/E0.csv,2026-05-25
2025-26,Everton,1,2025-08-18,Leeds,A,0,1,L,0,0,-1,0,1,10,https://www.football-data.co.uk/mmz4281/2526/E0.csv,2026-05-25
2025-26,Everton,2,2025-08-24,Brighton,H,2,0,W,3,3,1,2,1,18,https://www.football-data.co.uk/mmz4281/2526/E0.csv,2026-05-25
2025-26,Everton,3,2025-08-30,Wolves,A,3,2,W,3,6,2,5,3,25,https://www.football-data.co.uk/mmz4281/2526/E0.csv,2026-05-25
2025-26,Everton,4,2025-09-13,Aston Villa,H,0,0,D,1,7,2,5,3,34,https://www.football-data.co.uk/mmz4281/2526/E0.csv,2026-05-25
2025-26,Everton,5,2025-09-20,Liverpool,A,1,2,L,0,7,1,6,5,41,https://www.football-data.co.uk/mmz4281/2526/E0.csv,2026-05-25
2025-26,Everton,6,2025-09-29,West Ham,H,1,1,D,1,8,1,7,6,60,https://www.football-data.co.uk/mmz4281/2526/E0.csv,2026-05-25
2025-26,Everton,7,2025-10-05,Crystal Palace,H,2,1,W,3,11,2,9,7,67,https://www.football-data.co.uk/mmz4281/2526/E0.csv,2026-05-25
2025-26,Everton,8,2025-10-18,Man City,A,0,2,L,0,11,0,9,9,75,https://www.football-data.co.uk/mmz4281/2526/E0.csv,2026-05-25
2025-26,Everton,9,2025-10-26,Tottenham,H,0,3,L,0,11,-3,9,12,90,https://www.football-data.co.uk/mmz4281/2526/E0.csv,2026-05-25
2025-26,Everton,10,2025-11-03,Sunderland,A,1,1,D,1,12,-3,10,13,100,https://www.football-data.co.uk/mmz4281/2526/E0.csv,2026-05-25
2025-26,Everton,11,2025-11-08,Fulham,H,2,0,W,3,15,-1,12,13,102,https://www.football-data.co.uk/mmz4281/2526/E0.csv,2026-05-25
2025-26,Everton,12,2025-11-24,Man United,A,1,0,W,3,18,0,13,13,120,https://www.football-data.co.uk/mmz4281/2526/E0.csv,2026-05-25
2025-26,Everton,13,2025-11-29,Newcastle,H,1,4,L,0,18,-3,14,17,124,https://www.football-data.co.uk/mmz4281/2526/E0.csv,2026-05-25
2025-26,Everton,14,2025-12-02,Bournemouth,A,1,0,W,3,21,-2,15,17,131,https://www.football-data.co.uk/mmz4281/2526/E0.csv,2026-05-25
2025-26,Everton,15,2025-12-06,Nott'm Forest,H,3,0,W,3,24,1,18,17,143,https://www.football-data.co.uk/mmz4281/2526/E0.csv,2026-05-25
2025-26,Everton,16,2025-12-13,Chelsea,A,0,2,L,0,24,-1,18,19,151,https://www.football-data.co.uk/mmz4281/2526/E0.csv,2026-05-25
2025-26,Everton,17,2025-12-20,Arsenal,H,0,1,L,0,24,-2,18,20,167,https://www.football-data.co.uk/mmz4281/2526/E0.csv,2026-05-25
2025-26,Everton,18,2025-12-27,Burnley,A,0,0,D,1,25,-2,18,20,175,https://www.football-data.co.uk/mmz4281/2526/E0.csv,2026-05-25
2025-26,Everton,19,2025-12-30,Nott'm Forest,A,2,0,W,3,28,0,20,20,183,https://www.football-data.co.uk/mmz4281/2526/E0.csv,2026-05-25
2025-26,Everton,20,2026-01-04,Brentford,H,2,4,L,0,28,-2,22,24,196,https://www.football-data.co.uk/mmz4281/2526/E0.csv,2026-05-25
2025-26,Everton,21,2026-01-07,Wolves,H,1,1,D,1,29,-2,23,25,205,https://www.football-data.co.uk/mmz4281/2526/E0.csv,2026-05-25
2025-26,Everton,22,2026-01-18,Aston Villa,A,1,0,W,3,32,-1,24,25,219,https://www.football-data.co.uk/mmz4281/2526/E0.csv,2026-05-25
2025-26,Everton,23,2026-01-26,Leeds,H,1,1,D,1,33,-1,25,26,230,https://www.football-data.co.uk/mmz4281/2526/E0.csv,2026-05-25
2025-26,Everton,24,2026-01-31,Brighton,A,1,1,D,1,34,-1,26,27,231,https://www.football-data.co.uk/mmz4281/2526/E0.csv,2026-05-25
2025-26,Everton,25,2026-02-07,Fulham,A,2,1,W,3,37,0,28,28,246,https://www.football-data.co.uk/mmz4281/2526/E0.csv,2026-05-25
2025-26,Everton,26,2026-02-10,Bournemouth,H,1,2,L,0,37,-1,29,30,252,https://www.football-data.co.uk/mmz4281/2526/E0.csv,2026-05-25
2025-26,Everton,27,2026-02-23,Man United,H,0,1,L,0,37,-2,29,31,271,https://www.football-data.co.uk/mmz4281/2526/E0.csv,2026-05-25
2025-26,Everton,28,2026-02-28,Newcastle,A,3,2,W,3,40,-1,32,33,276,https://www.football-data.co.uk/mmz4281/2526/E0.csv,2026-05-25
2025-26,Everton,29,2026-03-03,Burnley,H,2,0,W,3,43,1,34,33,283,https://www.football-data.co.uk/mmz4281/2526/E0.csv,2026-05-25
2025-26,Everton,30,2026-03-14,Arsenal,A,0,2,L,0,43,-1,34,35,294,https://www.football-data.co.uk/mmz4281/2526/E0.csv,2026-05-25
2025-26,Everton,31,2026-03-21,Chelsea,H,3,0,W,3,46,2,37,35,305,https://www.football-data.co.uk/mmz4281/2526/E0.csv,2026-05-25
2025-26,Everton,32,2026-04-11,Brentford,A,2,2,D,1,47,2,39,37,312,https://www.football-data.co.uk/mmz4281/2526/E0.csv,2026-05-25
2025-26,Everton,33,2026-04-19,Liverpool,H,1,2,L,0,47,1,40,39,326,https://www.football-data.co.uk/mmz4281/2526/E0.csv,2026-05-25
2025-26,Everton,34,2026-04-25,West Ham,A,1,2,L,0,47,0,41,41,336,https://www.football-data.co.uk/mmz4281/2526/E0.csv,2026-05-25
2025-26,Everton,35,2026-05-04,Man City,H,3,3,D,1,48,0,44,44,349,https://www.football-data.co.uk/mmz4281/2526/E0.csv,2026-05-25
2025-26,Everton,36,2026-05-10,Crystal Palace,A,2,2,D,1,49,0,46,46,356,https://www.football-data.co.uk/mmz4281/2526/E0.csv,2026-05-25
2025-26,Everton,37,2026-05-17,Sunderland,H,1,3,L,0,49,-2,47,49,364,https://www.football-data.co.uk/mmz4281/2526/E0.csv,2026-05-25
2025-26,Everton,38,2026-05-24,Tottenham,A,0,1,L,0,49,-3,47,50,379,https://www.football-data.co.uk/mmz4281/2526/E0.csv,2026-05-25
2025-26,Fulham,1,2025-08-16,Brighton,A,1,1,D,1,1,0,1,1,3,https://www.football-data.co.uk/mmz4281/2526/E0.csv,2026-05-25
2025-26,Fulham,2,2025-08-24,Man United,H,1,1,D,1,2,0,2,2,19,https://www.football-data.co.uk/mmz4281/2526/E0.csv,2026-05-25
2025-26,Fulham,3,2025-08-30,Chelsea,A,0,2,L,0,2,-2,2,4,21,https://www.football-data.co.uk/mmz4281/2526/E0.csv,2026-05-25
2025-26,Fulham,4,2025-09-13,Leeds,H,1,0,W,3,5,-1,3,4,35,https://www.football-data.co.uk/mmz4281/2526/E0.csv,2026-05-25
2025-26,Fulham,5,2025-09-20,Brentford,H,3,1,W,3,8,1,6,5,47,https://www.football-data.co.uk/mmz4281/2526/E0.csv,2026-05-25
2025-26,Fulham,6,2025-09-28,Aston Villa,A,1,3,L,0,8,-1,7,8,58,https://www.football-data.co.uk/mmz4281/2526/E0.csv,2026-05-25
2025-26,Fulham,7,2025-10-03,Bournemouth,A,1,3,L,0,8,-3,8,11,61,https://www.football-data.co.uk/mmz4281/2526/E0.csv,2026-05-25
2025-26,Fulham,8,2025-10-18,Arsenal,H,0,1,L,0,8,-4,8,12,77,https://www.football-data.co.uk/mmz4281/2526/E0.csv,2026-05-25
2025-26,Fulham,9,2025-10-25,Newcastle,A,1,2,L,0,8,-5,9,14,83,https://www.football-data.co.uk/mmz4281/2526/E0.csv,2026-05-25
2025-26,Fulham,10,2025-11-01,Wolves,H,3,0,W,3,11,-2,12,14,94,https://www.football-data.co.uk/mmz4281/2526/E0.csv,2026-05-25
2025-26,Fulham,11,2025-11-08,Everton,A,0,2,L,0,11,-4,12,16,102,https://www.football-data.co.uk/mmz4281/2526/E0.csv,2026-05-25
2025-26,Fulham,12,2025-11-22,Sunderland,H,1,0,W,3,14,-3,13,16,114,https://www.football-data.co.uk/mmz4281/2526/E0.csv,2026-05-25
2025-26,Fulham,13,2025-11-29,Tottenham,A,2,1,W,3,17,-2,15,17,125,https://www.football-data.co.uk/mmz4281/2526/E0.csv,2026-05-25
2025-26,Fulham,14,2025-12-02,Man City,H,4,5,L,0,17,-3,19,22,132,https://www.football-data.co.uk/mmz4281/2526/E0.csv,2026-05-25
2025-26,Fulham,15,2025-12-07,Crystal Palace,H,1,2,L,0,17,-4,20,24,149,https://www.football-data.co.uk/mmz4281/2526/E0.csv,2026-05-25
2025-26,Fulham,16,2025-12-13,Burnley,A,3,2,W,3,20,-3,23,26,153,https://www.football-data.co.uk/mmz4281/2526/E0.csv,2026-05-25
2025-26,Fulham,17,2025-12-22,Nott'm Forest,H,1,0,W,3,23,-2,24,26,170,https://www.football-data.co.uk/mmz4281/2526/E0.csv,2026-05-25
2025-26,Fulham,18,2025-12-27,West Ham,A,1,0,W,3,26,-1,25,26,177,https://www.football-data.co.uk/mmz4281/2526/E0.csv,2026-05-25
2025-26,Fulham,19,2026-01-01,Crystal Palace,A,1,1,D,1,27,-1,26,27,187,https://www.football-data.co.uk/mmz4281/2526/E0.csv,2026-05-25
2025-26,Fulham,20,2026-01-04,Liverpool,H,2,2,D,1,28,-1,28,29,199,https://www.football-data.co.uk/mmz4281/2526/E0.csv,2026-05-25
2025-26,Fulham,21,2026-01-07,Chelsea,H,2,1,W,3,31,0,30,30,206,https://www.football-data.co.uk/mmz4281/2526/E0.csv,2026-05-25
2025-26,Fulham,22,2026-01-17,Leeds,A,0,1,L,0,31,-1,30,31,213,https://www.football-data.co.uk/mmz4281/2526/E0.csv,2026-05-25
2025-26,Fulham,23,2026-01-24,Brighton,H,2,1,W,3,34,0,32,32,223,https://www.football-data.co.uk/mmz4281/2526/E0.csv,2026-05-25
2025-26,Fulham,24,2026-02-01,Man United,A,2,3,L,0,34,-1,34,35,237,https://www.football-data.co.uk/mmz4281/2526/E0.csv,2026-05-25
2025-26,Fulham,25,2026-02-07,Everton,H,1,2,L,0,34,-2,35,37,246,https://www.football-data.co.uk/mmz4281/2526/E0.csv,2026-05-25
2025-26,Fulham,26,2026-02-11,Man City,A,0,3,L,0,34,-5,35,40,257,https://www.football-data.co.uk/mmz4281/2526/E0.csv,2026-05-25
2025-26,Fulham,27,2026-02-22,Sunderland,A,3,1,W,3,37,-3,38,41,269,https://www.football-data.co.uk/mmz4281/2526/E0.csv,2026-05-25
2025-26,Fulham,28,2026-03-01,Tottenham,H,2,1,W,3,40,-2,40,42,279,https://www.football-data.co.uk/mmz4281/2526/E0.csv,2026-05-25
2025-26,Fulham,29,2026-03-04,West Ham,H,0,1,L,0,40,-3,40,43,288,https://www.football-data.co.uk/mmz4281/2526/E0.csv,2026-05-25
2025-26,Fulham,30,2026-03-15,Nott'm Forest,A,0,0,D,1,41,-3,40,43,299,https://www.football-data.co.uk/mmz4281/2526/E0.csv,2026-05-25
2025-26,Fulham,31,2026-03-21,Burnley,H,3,1,W,3,44,-1,43,44,304,https://www.football-data.co.uk/mmz4281/2526/E0.csv,2026-05-25
2025-26,Fulham,32,2026-04-11,Liverpool,A,0,2,L,0,44,-3,43,46,314,https://www.football-data.co.uk/mmz4281/2526/E0.csv,2026-05-25
2025-26,Fulham,33,2026-04-18,Brentford,A,0,0,D,1,45,-3,43,46,320,https://www.football-data.co.uk/mmz4281/2526/E0.csv,2026-05-25
2025-26,Fulham,34,2026-04-25,Aston Villa,H,1,0,W,3,48,-2,44,46,334,https://www.football-data.co.uk/mmz4281/2526/E0.csv,2026-05-25
2025-26,Fulham,35,2026-05-02,Arsenal,A,0,3,L,0,48,-5,44,49,344,https://www.football-data.co.uk/mmz4281/2526/E0.csv,2026-05-25
2025-26,Fulham,36,2026-05-09,Bournemouth,H,0,1,L,0,48,-6,44,50,352,https://www.football-data.co.uk/mmz4281/2526/E0.csv,2026-05-25
2025-26,Fulham,37,2026-05-17,Wolves,A,1,1,D,1,49,-6,45,51,366,https://www.football-data.co.uk/mmz4281/2526/E0.csv,2026-05-25
2025-26,Fulham,38,2026-05-24,Newcastle,H,2,0,W,3,52,-4,47,51,374,https://www.football-data.co.uk/mmz4281/2526/E0.csv,2026-05-25
2025-26,Leeds,1,2025-08-18,Everton,H,1,0,W,3,3,1,1,0,10,https://www.football-data.co.uk/mmz4281/2526/E0.csv,2026-05-25
2025-26,Leeds,2,2025-08-23,Arsenal,A,0,5,L,0,3,-4,1,5,16,https://www.football-data.co.uk/mmz4281/2526/E0.csv,2026-05-25
2025-26,Leeds,3,2025-08-30,Newcastle,H,0,0,D,1,4,-4,1,5,26,https://www.football-data.co.uk/mmz4281/2526/E0.csv,2026-05-25
2025-26,Leeds,4,2025-09-13,Fulham,A,0,1,L,0,4,-5,1,6,35,https://www.football-data.co.uk/mmz4281/2526/E0.csv,2026-05-25
2025-26,Leeds,5,2025-09-20,Wolves,A,3,1,W,3,7,-3,4,7,45,https://www.football-data.co.uk/mmz4281/2526/E0.csv,2026-05-25
2025-26,Leeds,6,2025-09-27,Bournemouth,H,2,2,D,1,8,-3,6,9,54,https://www.football-data.co.uk/mmz4281/2526/E0.csv,2026-05-25
2025-26,Leeds,7,2025-10-04,Tottenham,H,1,2,L,0,8,-4,7,11,62,https://www.football-data.co.uk/mmz4281/2526/E0.csv,2026-05-25
2025-26,Leeds,8,2025-10-18,Burnley,A,0,2,L,0,8,-6,7,13,73,https://www.football-data.co.uk/mmz4281/2526/E0.csv,2026-05-25
2025-26,Leeds,9,2025-10-24,West Ham,H,2,1,W,3,11,-5,9,14,81,https://www.football-data.co.uk/mmz4281/2526/E0.csv,2026-05-25
2025-26,Leeds,10,2025-11-01,Brighton,A,0,3,L,0,11,-8,9,17,91,https://www.football-data.co.uk/mmz4281/2526/E0.csv,2026-05-25
2025-26,Leeds,11,2025-11-09,Nott'm Forest,A,1,3,L,0,11,-10,10,20,109,https://www.football-data.co.uk/mmz4281/2526/E0.csv,2026-05-25
2025-26,Leeds,12,2025-11-23,Aston Villa,H,1,2,L,0,11,-11,11,22,118,https://www.football-data.co.uk/mmz4281/2526/E0.csv,2026-05-25
2025-26,Leeds,13,2025-11-29,Man City,A,2,3,L,0,11,-12,13,25,122,https://www.football-data.co.uk/mmz4281/2526/E0.csv,2026-05-25
2025-26,Leeds,14,2025-12-03,Chelsea,H,3,1,W,3,14,-10,16,26,138,https://www.football-data.co.uk/mmz4281/2526/E0.csv,2026-05-25
2025-26,Leeds,15,2025-12-06,Liverpool,H,3,3,D,1,15,-10,19,29,147,https://www.football-data.co.uk/mmz4281/2526/E0.csv,2026-05-25
2025-26,Leeds,16,2025-12-14,Brentford,A,1,1,D,1,16,-10,20,30,159,https://www.football-data.co.uk/mmz4281/2526/E0.csv,2026-05-25
2025-26,Leeds,17,2025-12-20,Crystal Palace,H,4,1,W,3,19,-7,24,31,168,https://www.football-data.co.uk/mmz4281/2526/E0.csv,2026-05-25
2025-26,Leeds,18,2025-12-28,Sunderland,A,1,1,D,1,20,-7,25,32,179,https://www.football-data.co.uk/mmz4281/2526/E0.csv,2026-05-25
2025-26,Leeds,19,2026-01-01,Liverpool,A,0,0,D,1,21,-7,25,32,188,https://www.football-data.co.uk/mmz4281/2526/E0.csv,2026-05-25
2025-26,Leeds,20,2026-01-04,Man United,H,1,1,D,1,22,-7,26,33,195,https://www.football-data.co.uk/mmz4281/2526/E0.csv,2026-05-25
2025-26,Leeds,21,2026-01-07,Newcastle,A,3,4,L,0,22,-8,29,37,209,https://www.football-data.co.uk/mmz4281/2526/E0.csv,2026-05-25
2025-26,Leeds,22,2026-01-17,Fulham,H,1,0,W,3,25,-7,30,37,213,https://www.football-data.co.uk/mmz4281/2526/E0.csv,2026-05-25
2025-26,Leeds,23,2026-01-26,Everton,A,1,1,D,1,26,-7,31,38,230,https://www.football-data.co.uk/mmz4281/2526/E0.csv,2026-05-25
2025-26,Leeds,24,2026-01-31,Arsenal,H,0,4,L,0,26,-11,31,42,232,https://www.football-data.co.uk/mmz4281/2526/E0.csv,2026-05-25
2025-26,Leeds,25,2026-02-06,Nott'm Forest,H,3,1,W,3,29,-9,34,43,241,https://www.football-data.co.uk/mmz4281/2526/E0.csv,2026-05-25
2025-26,Leeds,26,2026-02-10,Chelsea,A,2,2,D,1,30,-9,36,45,251,https://www.football-data.co.uk/mmz4281/2526/E0.csv,2026-05-25
2025-26,Leeds,27,2026-02-21,Aston Villa,A,1,1,D,1,31,-9,37,46,262,https://www.football-data.co.uk/mmz4281/2526/E0.csv,2026-05-25
2025-26,Leeds,28,2026-02-28,Man City,H,0,1,L,0,31,-10,37,47,277,https://www.football-data.co.uk/mmz4281/2526/E0.csv,2026-05-25
2025-26,Leeds,29,2026-03-03,Sunderland,H,0,1,L,0,31,-11,37,48,284,https://www.football-data.co.uk/mmz4281/2526/E0.csv,2026-05-25
2025-26,Leeds,30,2026-03-15,Crystal Palace,A,0,0,D,1,32,-11,37,48,297,https://www.football-data.co.uk/mmz4281/2526/E0.csv,2026-05-25
2025-26,Leeds,31,2026-03-21,Brentford,H,0,0,D,1,33,-11,37,48,306,https://www.football-data.co.uk/mmz4281/2526/E0.csv,2026-05-25
2025-26,Leeds,32,2026-04-13,Man United,A,2,1,W,3,36,-10,39,49,319,https://www.football-data.co.uk/mmz4281/2526/E0.csv,2026-05-25
2025-26,Leeds,33,2026-04-18,Wolves,H,3,0,W,3,39,-7,42,49,321,https://www.football-data.co.uk/mmz4281/2526/E0.csv,2026-05-25
2025-26,Leeds,34,2026-04-22,Bournemouth,A,2,2,D,1,40,-7,44,51,331,https://www.football-data.co.uk/mmz4281/2526/E0.csv,2026-05-25
2025-26,Leeds,35,2026-05-01,Burnley,H,3,1,W,3,43,-5,47,52,340,https://www.football-data.co.uk/mmz4281/2526/E0.csv,2026-05-25
2025-26,Leeds,36,2026-05-11,Tottenham,A,1,1,D,1,44,-5,48,53,359,https://www.football-data.co.uk/mmz4281/2526/E0.csv,2026-05-25
2025-26,Leeds,37,2026-05-17,Brighton,H,1,0,W,3,47,-4,49,53,365,https://www.football-data.co.uk/mmz4281/2526/E0.csv,2026-05-25
2025-26,Leeds,38,2026-05-24,West Ham,A,0,3,L,0,47,-7,49,56,380,https://www.football-data.co.uk/mmz4281/2526/E0.csv,2026-05-25
2025-26,Liverpool,1,2025-08-15,Bournemouth,H,4,2,W,3,3,2,4,2,1,https://www.football-data.co.uk/mmz4281/2526/E0.csv,2026-05-25
2025-26,Liverpool,2,2025-08-25,Newcastle,A,3,2,W,3,6,3,7,4,20,https://www.football-data.co.uk/mmz4281/2526/E0.csv,2026-05-25
2025-26,Liverpool,3,2025-08-31,Arsenal,H,1,0,W,3,9,4,8,4,29,https://www.football-data.co.uk/mmz4281/2526/E0.csv,2026-05-25
2025-26,Liverpool,4,2025-09-14,Burnley,A,1,0,W,3,12,5,9,4,39,https://www.football-data.co.uk/mmz4281/2526/E0.csv,2026-05-25
2025-26,Liverpool,5,2025-09-20,Everton,H,2,1,W,3,15,6,11,5,41,https://www.football-data.co.uk/mmz4281/2526/E0.csv,2026-05-25
2025-26,Liverpool,6,2025-09-27,Crystal Palace,A,1,2,L,0,15,5,12,7,53,https://www.football-data.co.uk/mmz4281/2526/E0.csv,2026-05-25
2025-26,Liverpool,7,2025-10-04,Chelsea,A,1,2,L,0,15,4,13,9,65,https://www.football-data.co.uk/mmz4281/2526/E0.csv,2026-05-25
2025-26,Liverpool,8,2025-10-19,Man United,H,1,2,L,0,15,3,14,11,79,https://www.football-data.co.uk/mmz4281/2526/E0.csv,2026-05-25
2025-26,Liverpool,9,2025-10-25,Brentford,A,2,3,L,0,15,2,16,14,85,https://www.football-data.co.uk/mmz4281/2526/E0.csv,2026-05-25
2025-26,Liverpool,10,2025-11-01,Aston Villa,H,2,0,W,3,18,4,18,14,97,https://www.football-data.co.uk/mmz4281/2526/E0.csv,2026-05-25
2025-26,Liverpool,11,2025-11-09,Man City,A,0,3,L,0,18,1,18,17,110,https://www.football-data.co.uk/mmz4281/2526/E0.csv,2026-05-25
2025-26,Liverpool,12,2025-11-22,Nott'm Forest,H,0,3,L,0,18,-2,18,20,115,https://www.football-data.co.uk/mmz4281/2526/E0.csv,2026-05-25
2025-26,Liverpool,13,2025-11-30,West Ham,A,2,0,W,3,21,0,20,20,129,https://www.football-data.co.uk/mmz4281/2526/E0.csv,2026-05-25
2025-26,Liverpool,14,2025-12-03,Sunderland,H,1,1,D,1,22,0,21,21,139,https://www.football-data.co.uk/mmz4281/2526/E0.csv,2026-05-25
2025-26,Liverpool,15,2025-12-06,Leeds,A,3,3,D,1,23,0,24,24,147,https://www.football-data.co.uk/mmz4281/2526/E0.csv,2026-05-25
2025-26,Liverpool,16,2025-12-13,Brighton,H,2,0,W,3,26,2,26,24,152,https://www.football-data.co.uk/mmz4281/2526/E0.csv,2026-05-25
2025-26,Liverpool,17,2025-12-20,Tottenham,A,2,1,W,3,29,3,28,25,166,https://www.football-data.co.uk/mmz4281/2526/E0.csv,2026-05-25
2025-26,Liverpool,18,2025-12-27,Wolves,H,2,1,W,3,32,4,30,26,176,https://www.football-data.co.uk/mmz4281/2526/E0.csv,2026-05-25
2025-26,Liverpool,19,2026-01-01,Leeds,H,0,0,D,1,33,4,30,26,188,https://www.football-data.co.uk/mmz4281/2526/E0.csv,2026-05-25
2025-26,Liverpool,20,2026-01-04,Fulham,A,2,2,D,1,34,4,32,28,199,https://www.football-data.co.uk/mmz4281/2526/E0.csv,2026-05-25
2025-26,Liverpool,21,2026-01-08,Arsenal,A,0,0,D,1,35,4,32,28,210,https://www.football-data.co.uk/mmz4281/2526/E0.csv,2026-05-25
2025-26,Liverpool,22,2026-01-17,Burnley,H,1,1,D,1,36,4,33,29,214,https://www.football-data.co.uk/mmz4281/2526/E0.csv,2026-05-25
2025-26,Liverpool,23,2026-01-24,Bournemouth,A,2,3,L,0,36,3,35,32,225,https://www.football-data.co.uk/mmz4281/2526/E0.csv,2026-05-25
2025-26,Liverpool,24,2026-01-31,Newcastle,H,4,1,W,3,39,6,39,33,235,https://www.football-data.co.uk/mmz4281/2526/E0.csv,2026-05-25
2025-26,Liverpool,25,2026-02-08,Man City,H,1,2,L,0,39,5,40,35,250,https://www.football-data.co.uk/mmz4281/2526/E0.csv,2026-05-25
2025-26,Liverpool,26,2026-02-11,Sunderland,A,1,0,W,3,42,6,41,35,259,https://www.football-data.co.uk/mmz4281/2526/E0.csv,2026-05-25
2025-26,Liverpool,27,2026-02-22,Nott'm Forest,A,1,0,W,3,45,7,42,35,268,https://www.football-data.co.uk/mmz4281/2526/E0.csv,2026-05-25
2025-26,Liverpool,28,2026-02-28,West Ham,H,5,2,W,3,48,10,47,37,275,https://www.football-data.co.uk/mmz4281/2526/E0.csv,2026-05-25
2025-26,Liverpool,29,2026-03-03,Wolves,A,1,2,L,0,48,9,48,39,285,https://www.football-data.co.uk/mmz4281/2526/E0.csv,2026-05-25
2025-26,Liverpool,30,2026-03-15,Tottenham,H,1,1,D,1,49,9,49,40,300,https://www.football-data.co.uk/mmz4281/2526/E0.csv,2026-05-25
2025-26,Liverpool,31,2026-03-21,Brighton,A,1,2,L,0,49,8,50,42,303,https://www.football-data.co.uk/mmz4281/2526/E0.csv,2026-05-25
2025-26,Liverpool,32,2026-04-11,Fulham,H,2,0,W,3,52,10,52,42,314,https://www.football-data.co.uk/mmz4281/2526/E0.csv,2026-05-25
2025-26,Liverpool,33,2026-04-19,Everton,A,2,1,W,3,55,11,54,43,326,https://www.football-data.co.uk/mmz4281/2526/E0.csv,2026-05-25
2025-26,Liverpool,34,2026-04-25,Crystal Palace,H,3,1,W,3,58,13,57,44,335,https://www.football-data.co.uk/mmz4281/2526/E0.csv,2026-05-25
2025-26,Liverpool,35,2026-05-03,Man United,A,2,3,L,0,58,12,59,47,346,https://www.football-data.co.uk/mmz4281/2526/E0.csv,2026-05-25
2025-26,Liverpool,36,2026-05-09,Chelsea,H,1,1,D,1,59,12,60,48,350,https://www.football-data.co.uk/mmz4281/2526/E0.csv,2026-05-25
2025-26,Liverpool,37,2026-05-15,Aston Villa,A,2,4,L,0,59,10,62,52,361,https://www.football-data.co.uk/mmz4281/2526/E0.csv,2026-05-25
2025-26,Liverpool,38,2026-05-24,Brentford,H,1,1,D,1,60,10,63,53,375,https://www.football-data.co.uk/mmz4281/2526/E0.csv,2026-05-25
2025-26,Man City,1,2025-08-16,Wolves,A,4,0,W,3,3,4,4,0,6,https://www.football-data.co.uk/mmz4281/2526/E0.csv,2026-05-25
2025-26,Man City,2,2025-08-23,Tottenham,H,0,2,L,0,3,2,4,2,12,https://www.football-data.co.uk/mmz4281/2526/E0.csv,2026-05-25
2025-26,Man City,3,2025-08-31,Brighton,A,1,2,L,0,3,1,5,4,27,https://www.football-data.co.uk/mmz4281/2526/E0.csv,2026-05-25
2025-26,Man City,4,2025-09-14,Man United,H,3,0,W,3,6,4,8,4,40,https://www.football-data.co.uk/mmz4281/2526/E0.csv,2026-05-25
2025-26,Man City,5,2025-09-21,Arsenal,A,1,1,D,1,7,4,9,5,50,https://www.football-data.co.uk/mmz4281/2526/E0.csv,2026-05-25
2025-26,Man City,6,2025-09-27,Burnley,H,5,1,W,3,10,8,14,6,55,https://www.football-data.co.uk/mmz4281/2526/E0.csv,2026-05-25
2025-26,Man City,7,2025-10-05,Brentford,A,1,0,W,3,13,9,15,6,70,https://www.football-data.co.uk/mmz4281/2526/E0.csv,2026-05-25
2025-26,Man City,8,2025-10-18,Everton,H,2,0,W,3,16,11,17,6,75,https://www.football-data.co.uk/mmz4281/2526/E0.csv,2026-05-25
2025-26,Man City,9,2025-10-26,Aston Villa,A,0,1,L,0,16,10,17,7,87,https://www.football-data.co.uk/mmz4281/2526/E0.csv,2026-05-25
2025-26,Man City,10,2025-11-02,Bournemouth,H,3,1,W,3,19,12,20,8,99,https://www.football-data.co.uk/mmz4281/2526/E0.csv,2026-05-25
2025-26,Man City,11,2025-11-09,Liverpool,H,3,0,W,3,22,15,23,8,110,https://www.football-data.co.uk/mmz4281/2526/E0.csv,2026-05-25
2025-26,Man City,12,2025-11-22,Newcastle,A,1,2,L,0,22,14,24,10,117,https://www.football-data.co.uk/mmz4281/2526/E0.csv,2026-05-25
2025-26,Man City,13,2025-11-29,Leeds,H,3,2,W,3,25,15,27,12,122,https://www.football-data.co.uk/mmz4281/2526/E0.csv,2026-05-25
2025-26,Man City,14,2025-12-02,Fulham,A,5,4,W,3,28,16,32,16,132,https://www.football-data.co.uk/mmz4281/2526/E0.csv,2026-05-25
2025-26,Man City,15,2025-12-06,Sunderland,H,3,0,W,3,31,19,35,16,144,https://www.football-data.co.uk/mmz4281/2526/E0.csv,2026-05-25
2025-26,Man City,16,2025-12-14,Crystal Palace,A,3,0,W,3,34,22,38,16,155,https://www.football-data.co.uk/mmz4281/2526/E0.csv,2026-05-25
2025-26,Man City,17,2025-12-20,West Ham,H,3,0,W,3,37,25,41,16,164,https://www.football-data.co.uk/mmz4281/2526/E0.csv,2026-05-25
2025-26,Man City,18,2025-12-27,Nott'm Forest,A,2,1,W,3,40,26,43,17,172,https://www.football-data.co.uk/mmz4281/2526/E0.csv,2026-05-25
2025-26,Man City,19,2026-01-01,Sunderland,A,0,0,D,1,41,26,43,17,190,https://www.football-data.co.uk/mmz4281/2526/E0.csv,2026-05-25
2025-26,Man City,20,2026-01-04,Chelsea,H,1,1,D,1,42,26,44,18,200,https://www.football-data.co.uk/mmz4281/2526/E0.csv,2026-05-25
2025-26,Man City,21,2026-01-07,Brighton,H,1,1,D,1,43,26,45,19,207,https://www.football-data.co.uk/mmz4281/2526/E0.csv,2026-05-25
2025-26,Man City,22,2026-01-17,Man United,A,0,2,L,0,43,24,45,21,211,https://www.football-data.co.uk/mmz4281/2526/E0.csv,2026-05-25
2025-26,Man City,23,2026-01-24,Wolves,H,2,0,W,3,46,26,47,21,224,https://www.football-data.co.uk/mmz4281/2526/E0.csv,2026-05-25
2025-26,Man City,24,2026-02-01,Tottenham,A,2,2,D,1,47,26,49,23,239,https://www.football-data.co.uk/mmz4281/2526/E0.csv,2026-05-25
2025-26,Man City,25,2026-02-08,Liverpool,A,2,1,W,3,50,27,51,24,250,https://www.football-data.co.uk/mmz4281/2526/E0.csv,2026-05-25
2025-26,Man City,26,2026-02-11,Fulham,H,3,0,W,3,53,30,54,24,257,https://www.football-data.co.uk/mmz4281/2526/E0.csv,2026-05-25
2025-26,Man City,27,2026-02-21,Newcastle,H,2,1,W,3,56,31,56,25,266,https://www.football-data.co.uk/mmz4281/2526/E0.csv,2026-05-25
2025-26,Man City,28,2026-02-28,Leeds,A,1,0,W,3,59,32,57,25,277,https://www.football-data.co.uk/mmz4281/2526/E0.csv,2026-05-25
2025-26,Man City,29,2026-03-04,Nott'm Forest,H,2,2,D,1,60,32,59,27,289,https://www.football-data.co.uk/mmz4281/2526/E0.csv,2026-05-25
2025-26,Man City,30,2026-03-14,West Ham,A,1,1,D,1,61,32,60,28,296,https://www.football-data.co.uk/mmz4281/2526/E0.csv,2026-05-25
2025-26,Man City,31,2026-04-12,Chelsea,A,3,0,W,3,64,35,63,28,318,https://www.football-data.co.uk/mmz4281/2526/E0.csv,2026-05-25
2025-26,Man City,32,2026-04-19,Arsenal,H,2,1,W,3,67,36,65,29,328,https://www.football-data.co.uk/mmz4281/2526/E0.csv,2026-05-25
2025-26,Man City,33,2026-04-22,Burnley,A,1,0,W,3,70,37,66,29,332,https://www.football-data.co.uk/mmz4281/2526/E0.csv,2026-05-25
2025-26,Man City,34,2026-05-04,Everton,A,3,3,D,1,71,37,69,32,349,https://www.football-data.co.uk/mmz4281/2526/E0.csv,2026-05-25
2025-26,Man City,35,2026-05-09,Brentford,H,3,0,W,3,74,40,72,32,354,https://www.football-data.co.uk/mmz4281/2526/E0.csv,2026-05-25
2025-26,Man City,36,2026-05-13,Crystal Palace,H,3,0,W,3,77,43,75,32,360,https://www.football-data.co.uk/mmz4281/2526/E0.csv,2026-05-25
2025-26,Man City,37,2026-05-19,Bournemouth,A,1,1,D,1,78,43,76,33,369,https://www.football-data.co.uk/mmz4281/2526/E0.csv,2026-05-25
2025-26,Man City,38,2026-05-24,Aston Villa,H,1,2,L,0,78,42,77,35,376,https://www.football-data.co.uk/mmz4281/2526/E0.csv,2026-05-25
2025-26,Man United,1,2025-08-17,Arsenal,H,0,1,L,0,0,-1,0,1,9,https://www.football-data.co.uk/mmz4281/2526/E0.csv,2026-05-25
2025-26,Man United,2,2025-08-24,Fulham,A,1,1,D,1,1,-1,1,2,19,https://www.football-data.co.uk/mmz4281/2526/E0.csv,2026-05-25
2025-26,Man United,3,2025-08-30,Burnley,H,3,2,W,3,4,0,4,4,22,https://www.football-data.co.uk/mmz4281/2526/E0.csv,2026-05-25
2025-26,Man United,4,2025-09-14,Man City,A,0,3,L,0,4,-3,4,7,40,https://www.football-data.co.uk/mmz4281/2526/E0.csv,2026-05-25
2025-26,Man United,5,2025-09-20,Chelsea,H,2,1,W,3,7,-2,6,8,46,https://www.football-data.co.uk/mmz4281/2526/E0.csv,2026-05-25
2025-26,Man United,6,2025-09-27,Brentford,A,1,3,L,0,7,-4,7,11,51,https://www.football-data.co.uk/mmz4281/2526/E0.csv,2026-05-25
2025-26,Man United,7,2025-10-04,Sunderland,H,2,0,W,3,10,-2,9,11,64,https://www.football-data.co.uk/mmz4281/2526/E0.csv,2026-05-25
2025-26,Man United,8,2025-10-19,Liverpool,A,2,1,W,3,13,-1,11,12,79,https://www.football-data.co.uk/mmz4281/2526/E0.csv,2026-05-25
2025-26,Man United,9,2025-10-25,Brighton,H,4,2,W,3,16,1,15,14,84,https://www.football-data.co.uk/mmz4281/2526/E0.csv,2026-05-25
2025-26,Man United,10,2025-11-01,Nott'm Forest,A,2,2,D,1,17,1,17,16,95,https://www.football-data.co.uk/mmz4281/2526/E0.csv,2026-05-25
2025-26,Man United,11,2025-11-08,Tottenham,A,2,2,D,1,18,1,19,18,101,https://www.football-data.co.uk/mmz4281/2526/E0.csv,2026-05-25
2025-26,Man United,12,2025-11-24,Everton,H,0,1,L,0,18,0,19,19,120,https://www.football-data.co.uk/mmz4281/2526/E0.csv,2026-05-25
2025-26,Man United,13,2025-11-30,Crystal Palace,A,2,1,W,3,21,1,21,20,126,https://www.football-data.co.uk/mmz4281/2526/E0.csv,2026-05-25
2025-26,Man United,14,2025-12-04,West Ham,H,1,1,D,1,22,1,22,21,140,https://www.football-data.co.uk/mmz4281/2526/E0.csv,2026-05-25
2025-26,Man United,15,2025-12-08,Wolves,A,4,1,W,3,25,4,26,22,150,https://www.football-data.co.uk/mmz4281/2526/E0.csv,2026-05-25
2025-26,Man United,16,2025-12-15,Bournemouth,H,4,4,D,1,26,4,30,26,160,https://www.football-data.co.uk/mmz4281/2526/E0.csv,2026-05-25
2025-26,Man United,17,2025-12-21,Aston Villa,A,1,2,L,0,26,3,31,28,169,https://www.football-data.co.uk/mmz4281/2526/E0.csv,2026-05-25
2025-26,Man United,18,2025-12-26,Newcastle,H,1,0,W,3,29,4,32,28,171,https://www.football-data.co.uk/mmz4281/2526/E0.csv,2026-05-25
2025-26,Man United,19,2025-12-30,Wolves,H,1,1,D,1,30,4,33,29,186,https://www.football-data.co.uk/mmz4281/2526/E0.csv,2026-05-25
2025-26,Man United,20,2026-01-04,Leeds,A,1,1,D,1,31,4,34,30,195,https://www.football-data.co.uk/mmz4281/2526/E0.csv,2026-05-25
2025-26,Man United,21,2026-01-07,Burnley,A,2,2,D,1,32,4,36,32,208,https://www.football-data.co.uk/mmz4281/2526/E0.csv,2026-05-25
2025-26,Man United,22,2026-01-17,Man City,H,2,0,W,3,35,6,38,32,211,https://www.football-data.co.uk/mmz4281/2526/E0.csv,2026-05-25
2025-26,Man United,23,2026-01-25,Arsenal,A,3,2,W,3,38,7,41,34,229,https://www.football-data.co.uk/mmz4281/2526/E0.csv,2026-05-25
2025-26,Man United,24,2026-02-01,Fulham,H,3,2,W,3,41,8,44,36,237,https://www.football-data.co.uk/mmz4281/2526/E0.csv,2026-05-25
2025-26,Man United,25,2026-02-07,Tottenham,H,2,0,W,3,44,10,46,36,242,https://www.football-data.co.uk/mmz4281/2526/E0.csv,2026-05-25
2025-26,Man United,26,2026-02-10,West Ham,A,1,1,D,1,45,10,47,37,254,https://www.football-data.co.uk/mmz4281/2526/E0.csv,2026-05-25
2025-26,Man United,27,2026-02-23,Everton,A,1,0,W,3,48,11,48,37,271,https://www.football-data.co.uk/mmz4281/2526/E0.csv,2026-05-25
2025-26,Man United,28,2026-03-01,Crystal Palace,H,2,1,W,3,51,12,50,38,280,https://www.football-data.co.uk/mmz4281/2526/E0.csv,2026-05-25
2025-26,Man United,29,2026-03-04,Newcastle,A,1,2,L,0,51,11,51,40,290,https://www.football-data.co.uk/mmz4281/2526/E0.csv,2026-05-25
2025-26,Man United,30,2026-03-15,Aston Villa,H,3,1,W,3,54,13,54,41,298,https://www.football-data.co.uk/mmz4281/2526/E0.csv,2026-05-25
2025-26,Man United,31,2026-03-20,Bournemouth,A,2,2,D,1,55,13,56,43,302,https://www.football-data.co.uk/mmz4281/2526/E0.csv,2026-05-25
2025-26,Man United,32,2026-04-13,Leeds,H,1,2,L,0,55,12,57,45,319,https://www.football-data.co.uk/mmz4281/2526/E0.csv,2026-05-25
2025-26,Man United,33,2026-04-18,Chelsea,A,1,0,W,3,58,13,58,45,324,https://www.football-data.co.uk/mmz4281/2526/E0.csv,2026-05-25
2025-26,Man United,34,2026-04-27,Brentford,H,2,1,W,3,61,14,60,46,339,https://www.football-data.co.uk/mmz4281/2526/E0.csv,2026-05-25
2025-26,Man United,35,2026-05-03,Liverpool,H,3,2,W,3,64,15,63,48,346,https://www.football-data.co.uk/mmz4281/2526/E0.csv,2026-05-25
2025-26,Man United,36,2026-05-09,Sunderland,A,0,0,D,1,65,15,63,48,353,https://www.football-data.co.uk/mmz4281/2526/E0.csv,2026-05-25
2025-26,Man United,37,2026-05-17,Nott'm Forest,H,3,2,W,3,68,16,66,50,362,https://www.football-data.co.uk/mmz4281/2526/E0.csv,2026-05-25
2025-26,Man United,38,2026-05-24,Brighton,A,3,0,W,3,71,19,69,50,371,https://www.football-data.co.uk/mmz4281/2526/E0.csv,2026-05-25
2025-26,Newcastle,1,2025-08-16,Aston Villa,A,0,0,D,1,1,0,0,0,2,https://www.football-data.co.uk/mmz4281/2526/E0.csv,2026-05-25
2025-26,Newcastle,2,2025-08-25,Liverpool,H,2,3,L,0,1,-1,2,3,20,https://www.football-data.co.uk/mmz4281/2526/E0.csv,2026-05-25
2025-26,Newcastle,3,2025-08-30,Leeds,A,0,0,D,1,2,-1,2,3,26,https://www.football-data.co.uk/mmz4281/2526/E0.csv,2026-05-25
2025-26,Newcastle,4,2025-09-13,Wolves,H,1,0,W,3,5,0,3,3,36,https://www.football-data.co.uk/mmz4281/2526/E0.csv,2026-05-25
2025-26,Newcastle,5,2025-09-21,Bournemouth,A,0,0,D,1,6,0,3,3,48,https://www.football-data.co.uk/mmz4281/2526/E0.csv,2026-05-25
2025-26,Newcastle,6,2025-09-28,Arsenal,H,1,2,L,0,6,-1,4,5,59,https://www.football-data.co.uk/mmz4281/2526/E0.csv,2026-05-25
2025-26,Newcastle,7,2025-10-05,Nott'm Forest,H,2,0,W,3,9,1,6,5,68,https://www.football-data.co.uk/mmz4281/2526/E0.csv,2026-05-25
2025-26,Newcastle,8,2025-10-18,Brighton,A,1,2,L,0,9,0,7,7,72,https://www.football-data.co.uk/mmz4281/2526/E0.csv,2026-05-25
2025-26,Newcastle,9,2025-10-25,Fulham,H,2,1,W,3,12,1,9,8,83,https://www.football-data.co.uk/mmz4281/2526/E0.csv,2026-05-25
2025-26,Newcastle,10,2025-11-02,West Ham,A,1,3,L,0,12,-1,10,11,98,https://www.football-data.co.uk/mmz4281/2526/E0.csv,2026-05-25
2025-26,Newcastle,11,2025-11-09,Brentford,A,1,3,L,0,12,-3,11,14,107,https://www.football-data.co.uk/mmz4281/2526/E0.csv,2026-05-25
2025-26,Newcastle,12,2025-11-22,Man City,H,2,1,W,3,15,-2,13,15,117,https://www.football-data.co.uk/mmz4281/2526/E0.csv,2026-05-25
2025-26,Newcastle,13,2025-11-29,Everton,A,4,1,W,3,18,1,17,16,124,https://www.football-data.co.uk/mmz4281/2526/E0.csv,2026-05-25
2025-26,Newcastle,14,2025-12-02,Tottenham,H,2,2,D,1,19,1,19,18,133,https://www.football-data.co.uk/mmz4281/2526/E0.csv,2026-05-25
2025-26,Newcastle,15,2025-12-06,Burnley,H,2,1,W,3,22,2,21,19,145,https://www.football-data.co.uk/mmz4281/2526/E0.csv,2026-05-25
2025-26,Newcastle,16,2025-12-14,Sunderland,A,0,1,L,0,22,1,21,20,157,https://www.football-data.co.uk/mmz4281/2526/E0.csv,2026-05-25
2025-26,Newcastle,17,2025-12-20,Chelsea,H,2,2,D,1,23,1,23,22,161,https://www.football-data.co.uk/mmz4281/2526/E0.csv,2026-05-25
2025-26,Newcastle,18,2025-12-26,Man United,A,0,1,L,0,23,0,23,23,171,https://www.football-data.co.uk/mmz4281/2526/E0.csv,2026-05-25
2025-26,Newcastle,19,2025-12-30,Burnley,A,3,1,W,3,26,2,26,24,181,https://www.football-data.co.uk/mmz4281/2526/E0.csv,2026-05-25
2025-26,Newcastle,20,2026-01-04,Crystal Palace,H,2,0,W,3,29,4,28,24,197,https://www.football-data.co.uk/mmz4281/2526/E0.csv,2026-05-25
2025-26,Newcastle,21,2026-01-07,Leeds,H,4,3,W,3,32,5,32,27,209,https://www.football-data.co.uk/mmz4281/2526/E0.csv,2026-05-25
2025-26,Newcastle,22,2026-01-18,Wolves,A,0,0,D,1,33,5,32,27,218,https://www.football-data.co.uk/mmz4281/2526/E0.csv,2026-05-25
2025-26,Newcastle,23,2026-01-25,Aston Villa,H,0,2,L,0,33,3,32,29,228,https://www.football-data.co.uk/mmz4281/2526/E0.csv,2026-05-25
2025-26,Newcastle,24,2026-01-31,Liverpool,A,1,4,L,0,33,0,33,33,235,https://www.football-data.co.uk/mmz4281/2526/E0.csv,2026-05-25
2025-26,Newcastle,25,2026-02-07,Brentford,H,2,3,L,0,33,-1,35,36,248,https://www.football-data.co.uk/mmz4281/2526/E0.csv,2026-05-25
2025-26,Newcastle,26,2026-02-10,Tottenham,A,2,1,W,3,36,0,37,37,253,https://www.football-data.co.uk/mmz4281/2526/E0.csv,2026-05-25
2025-26,Newcastle,27,2026-02-21,Man City,A,1,2,L,0,36,-1,38,39,266,https://www.football-data.co.uk/mmz4281/2526/E0.csv,2026-05-25
2025-26,Newcastle,28,2026-02-28,Everton,H,2,3,L,0,36,-2,40,42,276,https://www.football-data.co.uk/mmz4281/2526/E0.csv,2026-05-25
2025-26,Newcastle,29,2026-03-04,Man United,H,2,1,W,3,39,-1,42,43,290,https://www.football-data.co.uk/mmz4281/2526/E0.csv,2026-05-25
2025-26,Newcastle,30,2026-03-14,Chelsea,A,1,0,W,3,42,0,43,43,295,https://www.football-data.co.uk/mmz4281/2526/E0.csv,2026-05-25
2025-26,Newcastle,31,2026-03-22,Sunderland,H,1,2,L,0,42,-1,44,45,307,https://www.football-data.co.uk/mmz4281/2526/E0.csv,2026-05-25
2025-26,Newcastle,32,2026-04-12,Crystal Palace,A,1,2,L,0,42,-2,45,47,315,https://www.football-data.co.uk/mmz4281/2526/E0.csv,2026-05-25
2025-26,Newcastle,33,2026-04-18,Bournemouth,H,1,2,L,0,42,-3,46,49,322,https://www.football-data.co.uk/mmz4281/2526/E0.csv,2026-05-25
2025-26,Newcastle,34,2026-04-25,Arsenal,A,0,1,L,0,42,-4,46,50,338,https://www.football-data.co.uk/mmz4281/2526/E0.csv,2026-05-25
2025-26,Newcastle,35,2026-05-02,Brighton,H,3,1,W,3,45,-2,49,51,342,https://www.football-data.co.uk/mmz4281/2526/E0.csv,2026-05-25
2025-26,Newcastle,36,2026-05-10,Nott'm Forest,A,1,1,D,1,46,-2,50,52,357,https://www.football-data.co.uk/mmz4281/2526/E0.csv,2026-05-25
2025-26,Newcastle,37,2026-05-17,West Ham,H,3,1,W,3,49,0,53,53,367,https://www.football-data.co.uk/mmz4281/2526/E0.csv,2026-05-25
2025-26,Newcastle,38,2026-05-24,Fulham,A,0,2,L,0,49,-2,53,55,374,https://www.football-data.co.uk/mmz4281/2526/E0.csv,2026-05-25
2025-26,Nott'm Forest,1,2025-08-17,Brentford,H,3,1,W,3,3,2,3,1,8,https://www.football-data.co.uk/mmz4281/2526/E0.csv,2026-05-25
2025-26,Nott'm Forest,2,2025-08-24,Crystal Palace,A,1,1,D,1,4,2,4,2,17,https://www.football-data.co.uk/mmz4281/2526/E0.csv,2026-05-25
2025-26,Nott'm Forest,3,2025-08-31,West Ham,H,0,3,L,0,4,-1,4,5,28,https://www.football-data.co.uk/mmz4281/2526/E0.csv,2026-05-25
2025-26,Nott'm Forest,4,2025-09-13,Arsenal,A,0,3,L,0,4,-4,4,8,31,https://www.football-data.co.uk/mmz4281/2526/E0.csv,2026-05-25
2025-26,Nott'm Forest,5,2025-09-20,Burnley,A,1,1,D,1,5,-4,5,9,43,https://www.football-data.co.uk/mmz4281/2526/E0.csv,2026-05-25
2025-26,Nott'm Forest,6,2025-09-27,Sunderland,H,0,1,L,0,5,-5,5,10,56,https://www.football-data.co.uk/mmz4281/2526/E0.csv,2026-05-25
2025-26,Nott'm Forest,7,2025-10-05,Newcastle,A,0,2,L,0,5,-7,5,12,68,https://www.football-data.co.uk/mmz4281/2526/E0.csv,2026-05-25
2025-26,Nott'm Forest,8,2025-10-18,Chelsea,H,0,3,L,0,5,-10,5,15,71,https://www.football-data.co.uk/mmz4281/2526/E0.csv,2026-05-25
2025-26,Nott'm Forest,9,2025-10-26,Bournemouth,A,0,2,L,0,5,-12,5,17,88,https://www.football-data.co.uk/mmz4281/2526/E0.csv,2026-05-25
2025-26,Nott'm Forest,10,2025-11-01,Man United,H,2,2,D,1,6,-12,7,19,95,https://www.football-data.co.uk/mmz4281/2526/E0.csv,2026-05-25
2025-26,Nott'm Forest,11,2025-11-09,Leeds,H,3,1,W,3,9,-10,10,20,109,https://www.football-data.co.uk/mmz4281/2526/E0.csv,2026-05-25
2025-26,Nott'm Forest,12,2025-11-22,Liverpool,A,3,0,W,3,12,-7,13,20,115,https://www.football-data.co.uk/mmz4281/2526/E0.csv,2026-05-25
2025-26,Nott'm Forest,13,2025-11-30,Brighton,H,0,2,L,0,12,-9,13,22,128,https://www.football-data.co.uk/mmz4281/2526/E0.csv,2026-05-25
2025-26,Nott'm Forest,14,2025-12-03,Wolves,A,1,0,W,3,15,-8,14,22,137,https://www.football-data.co.uk/mmz4281/2526/E0.csv,2026-05-25
2025-26,Nott'm Forest,15,2025-12-06,Everton,A,0,3,L,0,15,-11,14,25,143,https://www.football-data.co.uk/mmz4281/2526/E0.csv,2026-05-25
2025-26,Nott'm Forest,16,2025-12-14,Tottenham,H,3,0,W,3,18,-8,17,25,156,https://www.football-data.co.uk/mmz4281/2526/E0.csv,2026-05-25
2025-26,Nott'm Forest,17,2025-12-22,Fulham,A,0,1,L,0,18,-9,17,26,170,https://www.football-data.co.uk/mmz4281/2526/E0.csv,2026-05-25
2025-26,Nott'm Forest,18,2025-12-27,Man City,H,1,2,L,0,18,-10,18,28,172,https://www.football-data.co.uk/mmz4281/2526/E0.csv,2026-05-25
2025-26,Nott'm Forest,19,2025-12-30,Everton,H,0,2,L,0,18,-12,18,30,183,https://www.football-data.co.uk/mmz4281/2526/E0.csv,2026-05-25
2025-26,Nott'm Forest,20,2026-01-03,Aston Villa,A,1,3,L,0,18,-14,19,33,191,https://www.football-data.co.uk/mmz4281/2526/E0.csv,2026-05-25
2025-26,Nott'm Forest,21,2026-01-06,West Ham,A,2,1,W,3,21,-13,21,34,201,https://www.football-data.co.uk/mmz4281/2526/E0.csv,2026-05-25
2025-26,Nott'm Forest,22,2026-01-17,Arsenal,H,0,0,D,1,22,-13,21,34,217,https://www.football-data.co.uk/mmz4281/2526/E0.csv,2026-05-25
2025-26,Nott'm Forest,23,2026-01-25,Brentford,A,2,0,W,3,25,-11,23,34,226,https://www.football-data.co.uk/mmz4281/2526/E0.csv,2026-05-25
2025-26,Nott'm Forest,24,2026-02-01,Crystal Palace,H,1,1,D,1,26,-11,24,35,238,https://www.football-data.co.uk/mmz4281/2526/E0.csv,2026-05-25
2025-26,Nott'm Forest,25,2026-02-06,Leeds,A,1,3,L,0,26,-13,25,38,241,https://www.football-data.co.uk/mmz4281/2526/E0.csv,2026-05-25
2025-26,Nott'm Forest,26,2026-02-11,Wolves,H,0,0,D,1,27,-13,25,38,258,https://www.football-data.co.uk/mmz4281/2526/E0.csv,2026-05-25
2025-26,Nott'm Forest,27,2026-02-22,Liverpool,H,0,1,L,0,27,-14,25,39,268,https://www.football-data.co.uk/mmz4281/2526/E0.csv,2026-05-25
2025-26,Nott'm Forest,28,2026-03-01,Brighton,A,1,2,L,0,27,-15,26,41,278,https://www.football-data.co.uk/mmz4281/2526/E0.csv,2026-05-25
2025-26,Nott'm Forest,29,2026-03-04,Man City,A,2,2,D,1,28,-15,28,43,289,https://www.football-data.co.uk/mmz4281/2526/E0.csv,2026-05-25
2025-26,Nott'm Forest,30,2026-03-15,Fulham,H,0,0,D,1,29,-15,28,43,299,https://www.football-data.co.uk/mmz4281/2526/E0.csv,2026-05-25
2025-26,Nott'm Forest,31,2026-03-22,Tottenham,A,3,0,W,3,32,-12,31,43,309,https://www.football-data.co.uk/mmz4281/2526/E0.csv,2026-05-25
2025-26,Nott'm Forest,32,2026-04-12,Aston Villa,H,1,1,D,1,33,-12,32,44,316,https://www.football-data.co.uk/mmz4281/2526/E0.csv,2026-05-25
2025-26,Nott'm Forest,33,2026-04-19,Burnley,H,4,1,W,3,36,-9,36,45,327,https://www.football-data.co.uk/mmz4281/2526/E0.csv,2026-05-25
2025-26,Nott'm Forest,34,2026-04-24,Sunderland,A,5,0,W,3,39,-4,41,45,333,https://www.football-data.co.uk/mmz4281/2526/E0.csv,2026-05-25
2025-26,Nott'm Forest,35,2026-05-04,Chelsea,A,3,1,W,3,42,-2,44,46,348,https://www.football-data.co.uk/mmz4281/2526/E0.csv,2026-05-25
2025-26,Nott'm Forest,36,2026-05-10,Newcastle,H,1,1,D,1,43,-2,45,47,357,https://www.football-data.co.uk/mmz4281/2526/E0.csv,2026-05-25
2025-26,Nott'm Forest,37,2026-05-17,Man United,A,2,3,L,0,43,-3,47,50,362,https://www.football-data.co.uk/mmz4281/2526/E0.csv,2026-05-25
2025-26,Nott'm Forest,38,2026-05-24,Bournemouth,H,1,1,D,1,44,-3,48,51,377,https://www.football-data.co.uk/mmz4281/2526/E0.csv,2026-05-25
2025-26,Sunderland,1,2025-08-16,West Ham,H,3,0,W,3,3,3,3,0,4,https://www.football-data.co.uk/mmz4281/2526/E0.csv,2026-05-25
2025-26,Sunderland,2,2025-08-23,Burnley,A,0,2,L,0,3,1,3,2,15,https://www.football-data.co.uk/mmz4281/2526/E0.csv,2026-05-25
2025-26,Sunderland,3,2025-08-30,Brentford,H,2,1,W,3,6,2,5,3,23,https://www.football-data.co.uk/mmz4281/2526/E0.csv,2026-05-25
2025-26,Sunderland,4,2025-09-13,Crystal Palace,A,0,0,D,1,7,2,5,3,33,https://www.football-data.co.uk/mmz4281/2526/E0.csv,2026-05-25
2025-26,Sunderland,5,2025-09-21,Aston Villa,H,1,1,D,1,8,2,6,4,49,https://www.football-data.co.uk/mmz4281/2526/E0.csv,2026-05-25
2025-26,Sunderland,6,2025-09-27,Nott'm Forest,A,1,0,W,3,11,3,7,4,56,https://www.football-data.co.uk/mmz4281/2526/E0.csv,2026-05-25
2025-26,Sunderland,7,2025-10-04,Man United,A,0,2,L,0,11,1,7,6,64,https://www.football-data.co.uk/mmz4281/2526/E0.csv,2026-05-25
2025-26,Sunderland,8,2025-10-18,Wolves,H,2,0,W,3,14,3,9,6,76,https://www.football-data.co.uk/mmz4281/2526/E0.csv,2026-05-25
2025-26,Sunderland,9,2025-10-25,Chelsea,A,2,1,W,3,17,4,11,7,82,https://www.football-data.co.uk/mmz4281/2526/E0.csv,2026-05-25
2025-26,Sunderland,10,2025-11-03,Everton,H,1,1,D,1,18,4,12,8,100,https://www.football-data.co.uk/mmz4281/2526/E0.csv,2026-05-25
2025-26,Sunderland,11,2025-11-08,Arsenal,H,2,2,D,1,19,4,14,10,104,https://www.football-data.co.uk/mmz4281/2526/E0.csv,2026-05-25
2025-26,Sunderland,12,2025-11-22,Fulham,A,0,1,L,0,19,3,14,11,114,https://www.football-data.co.uk/mmz4281/2526/E0.csv,2026-05-25
2025-26,Sunderland,13,2025-11-29,Bournemouth,H,3,2,W,3,22,4,17,13,123,https://www.football-data.co.uk/mmz4281/2526/E0.csv,2026-05-25
2025-26,Sunderland,14,2025-12-03,Liverpool,A,1,1,D,1,23,4,18,14,139,https://www.football-data.co.uk/mmz4281/2526/E0.csv,2026-05-25
2025-26,Sunderland,15,2025-12-06,Man City,A,0,3,L,0,23,1,18,17,144,https://www.football-data.co.uk/mmz4281/2526/E0.csv,2026-05-25
2025-26,Sunderland,16,2025-12-14,Newcastle,H,1,0,W,3,26,2,19,17,157,https://www.football-data.co.uk/mmz4281/2526/E0.csv,2026-05-25
2025-26,Sunderland,17,2025-12-20,Brighton,A,0,0,D,1,27,2,19,17,163,https://www.football-data.co.uk/mmz4281/2526/E0.csv,2026-05-25
2025-26,Sunderland,18,2025-12-28,Leeds,H,1,1,D,1,28,2,20,18,179,https://www.football-data.co.uk/mmz4281/2526/E0.csv,2026-05-25
2025-26,Sunderland,19,2026-01-01,Man City,H,0,0,D,1,29,2,20,18,190,https://www.football-data.co.uk/mmz4281/2526/E0.csv,2026-05-25
2025-26,Sunderland,20,2026-01-04,Tottenham,A,1,1,D,1,30,2,21,19,198,https://www.football-data.co.uk/mmz4281/2526/E0.csv,2026-05-25
2025-26,Sunderland,21,2026-01-07,Brentford,A,0,3,L,0,30,-1,21,22,203,https://www.football-data.co.uk/mmz4281/2526/E0.csv,2026-05-25
2025-26,Sunderland,22,2026-01-17,Crystal Palace,H,2,1,W,3,33,0,23,23,215,https://www.football-data.co.uk/mmz4281/2526/E0.csv,2026-05-25
2025-26,Sunderland,23,2026-01-24,West Ham,A,1,3,L,0,33,-2,24,26,221,https://www.football-data.co.uk/mmz4281/2526/E0.csv,2026-05-25
2025-26,Sunderland,24,2026-02-02,Burnley,H,3,0,W,3,36,1,27,26,240,https://www.football-data.co.uk/mmz4281/2526/E0.csv,2026-05-25
2025-26,Sunderland,25,2026-02-07,Arsenal,A,0,3,L,0,36,-2,27,29,243,https://www.football-data.co.uk/mmz4281/2526/E0.csv,2026-05-25
2025-26,Sunderland,26,2026-02-11,Liverpool,H,0,1,L,0,36,-3,27,30,259,https://www.football-data.co.uk/mmz4281/2526/E0.csv,2026-05-25
2025-26,Sunderland,27,2026-02-22,Fulham,H,1,3,L,0,36,-5,28,33,269,https://www.football-data.co.uk/mmz4281/2526/E0.csv,2026-05-25
2025-26,Sunderland,28,2026-02-28,Bournemouth,A,1,1,D,1,37,-5,29,34,273,https://www.football-data.co.uk/mmz4281/2526/E0.csv,2026-05-25
2025-26,Sunderland,29,2026-03-03,Leeds,A,1,0,W,3,40,-4,30,34,284,https://www.football-data.co.uk/mmz4281/2526/E0.csv,2026-05-25
2025-26,Sunderland,30,2026-03-14,Brighton,H,0,1,L,0,40,-5,30,35,293,https://www.football-data.co.uk/mmz4281/2526/E0.csv,2026-05-25
2025-26,Sunderland,31,2026-03-22,Newcastle,A,2,1,W,3,43,-4,32,36,307,https://www.football-data.co.uk/mmz4281/2526/E0.csv,2026-05-25
2025-26,Sunderland,32,2026-04-12,Tottenham,H,1,0,W,3,46,-3,33,36,317,https://www.football-data.co.uk/mmz4281/2526/E0.csv,2026-05-25
2025-26,Sunderland,33,2026-04-19,Aston Villa,A,3,4,L,0,46,-4,36,40,325,https://www.football-data.co.uk/mmz4281/2526/E0.csv,2026-05-25
2025-26,Sunderland,34,2026-04-24,Nott'm Forest,H,0,5,L,0,46,-9,36,45,333,https://www.football-data.co.uk/mmz4281/2526/E0.csv,2026-05-25
2025-26,Sunderland,35,2026-05-02,Wolves,A,1,1,D,1,47,-9,37,46,343,https://www.football-data.co.uk/mmz4281/2526/E0.csv,2026-05-25
2025-26,Sunderland,36,2026-05-09,Man United,H,0,0,D,1,48,-9,37,46,353,https://www.football-data.co.uk/mmz4281/2526/E0.csv,2026-05-25
2025-26,Sunderland,37,2026-05-17,Everton,A,3,1,W,3,51,-7,40,47,364,https://www.football-data.co.uk/mmz4281/2526/E0.csv,2026-05-25
2025-26,Sunderland,38,2026-05-24,Chelsea,H,2,1,W,3,54,-6,42,48,378,https://www.football-data.co.uk/mmz4281/2526/E0.csv,2026-05-25
2025-26,Tottenham,1,2025-08-16,Burnley,H,3,0,W,3,3,3,3,0,5,https://www.football-data.co.uk/mmz4281/2526/E0.csv,2026-05-25
2025-26,Tottenham,2,2025-08-23,Man City,A,2,0,W,3,6,5,5,0,12,https://www.football-data.co.uk/mmz4281/2526/E0.csv,2026-05-25
2025-26,Tottenham,3,2025-08-30,Bournemouth,H,0,1,L,0,6,4,5,1,24,https://www.football-data.co.uk/mmz4281/2526/E0.csv,2026-05-25
2025-26,Tottenham,4,2025-09-13,West Ham,A,3,0,W,3,9,7,8,1,37,https://www.football-data.co.uk/mmz4281/2526/E0.csv,2026-05-25
2025-26,Tottenham,5,2025-09-20,Brighton,A,2,2,D,1,10,7,10,3,42,https://www.football-data.co.uk/mmz4281/2526/E0.csv,2026-05-25
2025-26,Tottenham,6,2025-09-27,Wolves,H,1,1,D,1,11,7,11,4,57,https://www.football-data.co.uk/mmz4281/2526/E0.csv,2026-05-25
2025-26,Tottenham,7,2025-10-04,Leeds,A,2,1,W,3,14,8,13,5,62,https://www.football-data.co.uk/mmz4281/2526/E0.csv,2026-05-25
2025-26,Tottenham,8,2025-10-19,Aston Villa,H,1,2,L,0,14,7,14,7,78,https://www.football-data.co.uk/mmz4281/2526/E0.csv,2026-05-25
2025-26,Tottenham,9,2025-10-26,Everton,A,3,0,W,3,17,10,17,7,90,https://www.football-data.co.uk/mmz4281/2526/E0.csv,2026-05-25
2025-26,Tottenham,10,2025-11-01,Chelsea,H,0,1,L,0,17,9,17,8,96,https://www.football-data.co.uk/mmz4281/2526/E0.csv,2026-05-25
2025-26,Tottenham,11,2025-11-08,Man United,H,2,2,D,1,18,9,19,10,101,https://www.football-data.co.uk/mmz4281/2526/E0.csv,2026-05-25
2025-26,Tottenham,12,2025-11-23,Arsenal,A,1,4,L,0,18,6,20,14,119,https://www.football-data.co.uk/mmz4281/2526/E0.csv,2026-05-25
2025-26,Tottenham,13,2025-11-29,Fulham,H,1,2,L,0,18,5,21,16,125,https://www.football-data.co.uk/mmz4281/2526/E0.csv,2026-05-25
2025-26,Tottenham,14,2025-12-02,Newcastle,A,2,2,D,1,19,5,23,18,133,https://www.football-data.co.uk/mmz4281/2526/E0.csv,2026-05-25
2025-26,Tottenham,15,2025-12-06,Brentford,H,2,0,W,3,22,7,25,18,146,https://www.football-data.co.uk/mmz4281/2526/E0.csv,2026-05-25
2025-26,Tottenham,16,2025-12-14,Nott'm Forest,A,0,3,L,0,22,4,25,21,156,https://www.football-data.co.uk/mmz4281/2526/E0.csv,2026-05-25
2025-26,Tottenham,17,2025-12-20,Liverpool,H,1,2,L,0,22,3,26,23,166,https://www.football-data.co.uk/mmz4281/2526/E0.csv,2026-05-25
2025-26,Tottenham,18,2025-12-28,Crystal Palace,A,1,0,W,3,25,4,27,23,180,https://www.football-data.co.uk/mmz4281/2526/E0.csv,2026-05-25
2025-26,Tottenham,19,2026-01-01,Brentford,A,0,0,D,1,26,4,27,23,189,https://www.football-data.co.uk/mmz4281/2526/E0.csv,2026-05-25
2025-26,Tottenham,20,2026-01-04,Sunderland,H,1,1,D,1,27,4,28,24,198,https://www.football-data.co.uk/mmz4281/2526/E0.csv,2026-05-25
2025-26,Tottenham,21,2026-01-07,Bournemouth,A,2,3,L,0,27,3,30,27,202,https://www.football-data.co.uk/mmz4281/2526/E0.csv,2026-05-25
2025-26,Tottenham,22,2026-01-17,West Ham,H,1,2,L,0,27,2,31,29,216,https://www.football-data.co.uk/mmz4281/2526/E0.csv,2026-05-25
2025-26,Tottenham,23,2026-01-24,Burnley,A,2,2,D,1,28,2,33,31,222,https://www.football-data.co.uk/mmz4281/2526/E0.csv,2026-05-25
2025-26,Tottenham,24,2026-02-01,Man City,H,2,2,D,1,29,2,35,33,239,https://www.football-data.co.uk/mmz4281/2526/E0.csv,2026-05-25
2025-26,Tottenham,25,2026-02-07,Man United,A,0,2,L,0,29,0,35,35,242,https://www.football-data.co.uk/mmz4281/2526/E0.csv,2026-05-25
2025-26,Tottenham,26,2026-02-10,Newcastle,H,1,2,L,0,29,-1,36,37,253,https://www.football-data.co.uk/mmz4281/2526/E0.csv,2026-05-25
2025-26,Tottenham,27,2026-02-22,Arsenal,H,1,4,L,0,29,-4,37,41,270,https://www.football-data.co.uk/mmz4281/2526/E0.csv,2026-05-25
2025-26,Tottenham,28,2026-03-01,Fulham,A,1,2,L,0,29,-5,38,43,279,https://www.football-data.co.uk/mmz4281/2526/E0.csv,2026-05-25
2025-26,Tottenham,29,2026-03-05,Crystal Palace,H,1,3,L,0,29,-7,39,46,291,https://www.football-data.co.uk/mmz4281/2526/E0.csv,2026-05-25
2025-26,Tottenham,30,2026-03-15,Liverpool,A,1,1,D,1,30,-7,40,47,300,https://www.football-data.co.uk/mmz4281/2526/E0.csv,2026-05-25
2025-26,Tottenham,31,2026-03-22,Nott'm Forest,H,0,3,L,0,30,-10,40,50,309,https://www.football-data.co.uk/mmz4281/2526/E0.csv,2026-05-25
2025-26,Tottenham,32,2026-04-12,Sunderland,A,0,1,L,0,30,-11,40,51,317,https://www.football-data.co.uk/mmz4281/2526/E0.csv,2026-05-25
2025-26,Tottenham,33,2026-04-18,Brighton,H,2,2,D,1,31,-11,42,53,323,https://www.football-data.co.uk/mmz4281/2526/E0.csv,2026-05-25
2025-26,Tottenham,34,2026-04-25,Wolves,A,1,0,W,3,34,-10,43,53,337,https://www.football-data.co.uk/mmz4281/2526/E0.csv,2026-05-25
2025-26,Tottenham,35,2026-05-03,Aston Villa,A,2,1,W,3,37,-9,45,54,347,https://www.football-data.co.uk/mmz4281/2526/E0.csv,2026-05-25
2025-26,Tottenham,36,2026-05-11,Leeds,H,1,1,D,1,38,-9,46,55,359,https://www.football-data.co.uk/mmz4281/2526/E0.csv,2026-05-25
2025-26,Tottenham,37,2026-05-19,Chelsea,A,1,2,L,0,38,-10,47,57,370,https://www.football-data.co.uk/mmz4281/2526/E0.csv,2026-05-25
2025-26,Tottenham,38,2026-05-24,Everton,H,1,0,W,3,41,-9,48,57,379,https://www.football-data.co.uk/mmz4281/2526/E0.csv,2026-05-25
2025-26,West Ham,1,2025-08-16,Sunderland,A,0,3,L,0,0,-3,0,3,4,https://www.football-data.co.uk/mmz4281/2526/E0.csv,2026-05-25
2025-26,West Ham,2,2025-08-22,Chelsea,H,1,5,L,0,0,-7,1,8,11,https://www.football-data.co.uk/mmz4281/2526/E0.csv,2026-05-25
2025-26,West Ham,3,2025-08-31,Nott'm Forest,A,3,0,W,3,3,-4,4,8,28,https://www.football-data.co.uk/mmz4281/2526/E0.csv,2026-05-25
2025-26,West Ham,4,2025-09-13,Tottenham,H,0,3,L,0,3,-7,4,11,37,https://www.football-data.co.uk/mmz4281/2526/E0.csv,2026-05-25
2025-26,West Ham,5,2025-09-20,Crystal Palace,H,1,2,L,0,3,-8,5,13,44,https://www.football-data.co.uk/mmz4281/2526/E0.csv,2026-05-25
2025-26,West Ham,6,2025-09-29,Everton,A,1,1,D,1,4,-8,6,14,60,https://www.football-data.co.uk/mmz4281/2526/E0.csv,2026-05-25
2025-26,West Ham,7,2025-10-04,Arsenal,A,0,2,L,0,4,-10,6,16,63,https://www.football-data.co.uk/mmz4281/2526/E0.csv,2026-05-25
2025-26,West Ham,8,2025-10-20,Brentford,H,0,2,L,0,4,-12,6,18,80,https://www.football-data.co.uk/mmz4281/2526/E0.csv,2026-05-25
2025-26,West Ham,9,2025-10-24,Leeds,A,1,2,L,0,4,-13,7,20,81,https://www.football-data.co.uk/mmz4281/2526/E0.csv,2026-05-25
2025-26,West Ham,10,2025-11-02,Newcastle,H,3,1,W,3,7,-11,10,21,98,https://www.football-data.co.uk/mmz4281/2526/E0.csv,2026-05-25
2025-26,West Ham,11,2025-11-08,Burnley,H,3,2,W,3,10,-10,13,23,103,https://www.football-data.co.uk/mmz4281/2526/E0.csv,2026-05-25
2025-26,West Ham,12,2025-11-22,Bournemouth,A,2,2,D,1,11,-10,15,25,112,https://www.football-data.co.uk/mmz4281/2526/E0.csv,2026-05-25
2025-26,West Ham,13,2025-11-30,Liverpool,H,0,2,L,0,11,-12,15,27,129,https://www.football-data.co.uk/mmz4281/2526/E0.csv,2026-05-25
2025-26,West Ham,14,2025-12-04,Man United,A,1,1,D,1,12,-12,16,28,140,https://www.football-data.co.uk/mmz4281/2526/E0.csv,2026-05-25
2025-26,West Ham,15,2025-12-07,Brighton,A,1,1,D,1,13,-12,17,29,148,https://www.football-data.co.uk/mmz4281/2526/E0.csv,2026-05-25
2025-26,West Ham,16,2025-12-14,Aston Villa,H,2,3,L,0,13,-13,19,32,158,https://www.football-data.co.uk/mmz4281/2526/E0.csv,2026-05-25
2025-26,West Ham,17,2025-12-20,Man City,A,0,3,L,0,13,-16,19,35,164,https://www.football-data.co.uk/mmz4281/2526/E0.csv,2026-05-25
2025-26,West Ham,18,2025-12-27,Fulham,H,0,1,L,0,13,-17,19,36,177,https://www.football-data.co.uk/mmz4281/2526/E0.csv,2026-05-25
2025-26,West Ham,19,2025-12-30,Brighton,H,2,2,D,1,14,-17,21,38,184,https://www.football-data.co.uk/mmz4281/2526/E0.csv,2026-05-25
2025-26,West Ham,20,2026-01-03,Wolves,A,0,3,L,0,14,-20,21,41,193,https://www.football-data.co.uk/mmz4281/2526/E0.csv,2026-05-25
2025-26,West Ham,21,2026-01-06,Nott'm Forest,H,1,2,L,0,14,-21,22,43,201,https://www.football-data.co.uk/mmz4281/2526/E0.csv,2026-05-25
2025-26,West Ham,22,2026-01-17,Tottenham,A,2,1,W,3,17,-20,24,44,216,https://www.football-data.co.uk/mmz4281/2526/E0.csv,2026-05-25
2025-26,West Ham,23,2026-01-24,Sunderland,H,3,1,W,3,20,-18,27,45,221,https://www.football-data.co.uk/mmz4281/2526/E0.csv,2026-05-25
2025-26,West Ham,24,2026-01-31,Chelsea,A,2,3,L,0,20,-19,29,48,234,https://www.football-data.co.uk/mmz4281/2526/E0.csv,2026-05-25
2025-26,West Ham,25,2026-02-07,Burnley,A,2,0,W,3,23,-17,31,48,245,https://www.football-data.co.uk/mmz4281/2526/E0.csv,2026-05-25
2025-26,West Ham,26,2026-02-10,Man United,H,1,1,D,1,24,-17,32,49,254,https://www.football-data.co.uk/mmz4281/2526/E0.csv,2026-05-25
2025-26,West Ham,27,2026-02-21,Bournemouth,H,0,0,D,1,25,-17,32,49,265,https://www.football-data.co.uk/mmz4281/2526/E0.csv,2026-05-25
2025-26,West Ham,28,2026-02-28,Liverpool,A,2,5,L,0,25,-20,34,54,275,https://www.football-data.co.uk/mmz4281/2526/E0.csv,2026-05-25
2025-26,West Ham,29,2026-03-04,Fulham,A,1,0,W,3,28,-19,35,54,288,https://www.football-data.co.uk/mmz4281/2526/E0.csv,2026-05-25
2025-26,West Ham,30,2026-03-14,Man City,H,1,1,D,1,29,-19,36,55,296,https://www.football-data.co.uk/mmz4281/2526/E0.csv,2026-05-25
2025-26,West Ham,31,2026-03-22,Aston Villa,A,0,2,L,0,29,-21,36,57,308,https://www.football-data.co.uk/mmz4281/2526/E0.csv,2026-05-25
2025-26,West Ham,32,2026-04-10,Wolves,H,4,0,W,3,32,-17,40,57,310,https://www.football-data.co.uk/mmz4281/2526/E0.csv,2026-05-25
2025-26,West Ham,33,2026-04-20,Crystal Palace,A,0,0,D,1,33,-17,40,57,329,https://www.football-data.co.uk/mmz4281/2526/E0.csv,2026-05-25
2025-26,West Ham,34,2026-04-25,Everton,H,2,1,W,3,36,-16,42,58,336,https://www.football-data.co.uk/mmz4281/2526/E0.csv,2026-05-25
2025-26,West Ham,35,2026-05-02,Brentford,A,0,3,L,0,36,-19,42,61,341,https://www.football-data.co.uk/mmz4281/2526/E0.csv,2026-05-25
2025-26,West Ham,36,2026-05-10,Arsenal,H,0,1,L,0,36,-20,42,62,358,https://www.football-data.co.uk/mmz4281/2526/E0.csv,2026-05-25
2025-26,West Ham,37,2026-05-17,Newcastle,A,1,3,L,0,36,-22,43,65,367,https://www.football-data.co.uk/mmz4281/2526/E0.csv,2026-05-25
2025-26,West Ham,38,2026-05-24,Leeds,H,3,0,W,3,39,-19,46,65,380,https://www.football-data.co.uk/mmz4281/2526/E0.csv,2026-05-25
2025-26,Wolves,1,2025-08-16,Man City,H,0,4,L,0,0,-4,0,4,6,https://www.football-data.co.uk/mmz4281/2526/E0.csv,2026-05-25
2025-26,Wolves,2,2025-08-23,Bournemouth,A,0,1,L,0,0,-5,0,5,13,https://www.football-data.co.uk/mmz4281/2526/E0.csv,2026-05-25
2025-26,Wolves,3,2025-08-30,Everton,H,2,3,L,0,0,-6,2,8,25,https://www.football-data.co.uk/mmz4281/2526/E0.csv,2026-05-25
2025-26,Wolves,4,2025-09-13,Newcastle,A,0,1,L,0,0,-7,2,9,36,https://www.football-data.co.uk/mmz4281/2526/E0.csv,2026-05-25
2025-26,Wolves,5,2025-09-20,Leeds,H,1,3,L,0,0,-9,3,12,45,https://www.football-data.co.uk/mmz4281/2526/E0.csv,2026-05-25
2025-26,Wolves,6,2025-09-27,Tottenham,A,1,1,D,1,1,-9,4,13,57,https://www.football-data.co.uk/mmz4281/2526/E0.csv,2026-05-25
2025-26,Wolves,7,2025-10-05,Brighton,H,1,1,D,1,2,-9,5,14,69,https://www.football-data.co.uk/mmz4281/2526/E0.csv,2026-05-25
2025-26,Wolves,8,2025-10-18,Sunderland,A,0,2,L,0,2,-11,5,16,76,https://www.football-data.co.uk/mmz4281/2526/E0.csv,2026-05-25
2025-26,Wolves,9,2025-10-26,Burnley,H,2,3,L,0,2,-12,7,19,89,https://www.football-data.co.uk/mmz4281/2526/E0.csv,2026-05-25
2025-26,Wolves,10,2025-11-01,Fulham,A,0,3,L,0,2,-15,7,22,94,https://www.football-data.co.uk/mmz4281/2526/E0.csv,2026-05-25
2025-26,Wolves,11,2025-11-08,Chelsea,A,0,3,L,0,2,-18,7,25,105,https://www.football-data.co.uk/mmz4281/2526/E0.csv,2026-05-25
2025-26,Wolves,12,2025-11-22,Crystal Palace,H,0,2,L,0,2,-20,7,27,116,https://www.football-data.co.uk/mmz4281/2526/E0.csv,2026-05-25
2025-26,Wolves,13,2025-11-30,Aston Villa,A,0,1,L,0,2,-21,7,28,127,https://www.football-data.co.uk/mmz4281/2526/E0.csv,2026-05-25
2025-26,Wolves,14,2025-12-03,Nott'm Forest,H,0,1,L,0,2,-22,7,29,137,https://www.football-data.co.uk/mmz4281/2526/E0.csv,2026-05-25
2025-26,Wolves,15,2025-12-08,Man United,H,1,4,L,0,2,-25,8,33,150,https://www.football-data.co.uk/mmz4281/2526/E0.csv,2026-05-25
2025-26,Wolves,16,2025-12-13,Arsenal,A,1,2,L,0,2,-26,9,35,154,https://www.football-data.co.uk/mmz4281/2526/E0.csv,2026-05-25
2025-26,Wolves,17,2025-12-20,Brentford,H,0,2,L,0,2,-28,9,37,165,https://www.football-data.co.uk/mmz4281/2526/E0.csv,2026-05-25
2025-26,Wolves,18,2025-12-27,Liverpool,A,1,2,L,0,2,-29,10,39,176,https://www.football-data.co.uk/mmz4281/2526/E0.csv,2026-05-25
2025-26,Wolves,19,2025-12-30,Man United,A,1,1,D,1,3,-29,11,40,186,https://www.football-data.co.uk/mmz4281/2526/E0.csv,2026-05-25
2025-26,Wolves,20,2026-01-03,West Ham,H,3,0,W,3,6,-26,14,40,193,https://www.football-data.co.uk/mmz4281/2526/E0.csv,2026-05-25
2025-26,Wolves,21,2026-01-07,Everton,A,1,1,D,1,7,-26,15,41,205,https://www.football-data.co.uk/mmz4281/2526/E0.csv,2026-05-25
2025-26,Wolves,22,2026-01-18,Newcastle,H,0,0,D,1,8,-26,15,41,218,https://www.football-data.co.uk/mmz4281/2526/E0.csv,2026-05-25
2025-26,Wolves,23,2026-01-24,Man City,A,0,2,L,0,8,-28,15,43,224,https://www.football-data.co.uk/mmz4281/2526/E0.csv,2026-05-25
2025-26,Wolves,24,2026-01-31,Bournemouth,H,0,2,L,0,8,-30,15,45,233,https://www.football-data.co.uk/mmz4281/2526/E0.csv,2026-05-25
2025-26,Wolves,25,2026-02-07,Chelsea,H,1,3,L,0,8,-32,16,48,247,https://www.football-data.co.uk/mmz4281/2526/E0.csv,2026-05-25
2025-26,Wolves,26,2026-02-11,Nott'm Forest,A,0,0,D,1,9,-32,16,48,258,https://www.football-data.co.uk/mmz4281/2526/E0.csv,2026-05-25
2025-26,Wolves,27,2026-02-18,Arsenal,H,2,2,D,1,10,-32,18,50,261,https://www.football-data.co.uk/mmz4281/2526/E0.csv,2026-05-25
2025-26,Wolves,28,2026-02-22,Crystal Palace,A,0,1,L,0,10,-33,18,51,267,https://www.football-data.co.uk/mmz4281/2526/E0.csv,2026-05-25
2025-26,Wolves,29,2026-02-27,Aston Villa,H,2,0,W,3,13,-31,20,51,272,https://www.football-data.co.uk/mmz4281/2526/E0.csv,2026-05-25
2025-26,Wolves,30,2026-03-03,Liverpool,H,2,1,W,3,16,-30,22,52,285,https://www.football-data.co.uk/mmz4281/2526/E0.csv,2026-05-25
2025-26,Wolves,31,2026-03-16,Brentford,A,2,2,D,1,17,-30,24,54,301,https://www.football-data.co.uk/mmz4281/2526/E0.csv,2026-05-25
2025-26,Wolves,32,2026-04-10,West Ham,A,0,4,L,0,17,-34,24,58,310,https://www.football-data.co.uk/mmz4281/2526/E0.csv,2026-05-25
2025-26,Wolves,33,2026-04-18,Leeds,A,0,3,L,0,17,-37,24,61,321,https://www.football-data.co.uk/mmz4281/2526/E0.csv,2026-05-25
2025-26,Wolves,34,2026-04-25,Tottenham,H,0,1,L,0,17,-38,24,62,337,https://www.football-data.co.uk/mmz4281/2526/E0.csv,2026-05-25
2025-26,Wolves,35,2026-05-02,Sunderland,H,1,1,D,1,18,-38,25,63,343,https://www.football-data.co.uk/mmz4281/2526/E0.csv,2026-05-25
2025-26,Wolves,36,2026-05-09,Brighton,A,0,3,L,0,18,-41,25,66,351,https://www.football-data.co.uk/mmz4281/2526/E0.csv,2026-05-25
2025-26,Wolves,37,2026-05-17,Fulham,H,1,1,D,1,19,-41,26,67,366,https://www.football-data.co.uk/mmz4281/2526/E0.csv,2026-05-25
2025-26,Wolves,38,2026-05-24,Burnley,A,1,1,D,1,20,-41,27,68,372,https://www.football-data.co.uk/mmz4281/2526/E0.csv,2026-05-25
